symbol,eval_idx,eval_date,price,fwd_return_1m,fwd_return_3m,fwd_return_6m,fund_pit,tech_rsi_14,tech_price_vs_sma50_pct,tech_price_vs_sma200_pct,tech_bb_position,tech_week52_position,tech_macd_histogram,tech_volatility_20d,tech_momentum_1m,tech_momentum_3m,macro_vix,macro_sp500_vs_200ma_pct,macro_sp500_52w_pos,macro_yield_10y,macro_yield_2y,macro_yield_spread,macro_usd_index,macro_gold_vs_200ma,macro_oil_vs_200ma,macro_breadth_pct,fund_market_cap_b,fund_trailing_pe,fund_forward_pe,fund_roe_pct,fund_debt_to_equity,fund_current_ratio,fund_dividend_yield_pct,fund_payout_ratio_pct,fund_profit_margin_pct,fund_revenue_growth_pct,fund_earnings_growth_pct,fund_fcf_yield_pct,fund_price_to_book,fund_price_to_sales,fund_beta,fund_sector_code
AAPL,252,2024-02-29,179.11985778808594,-5.9308452253079675,5.974793503151377,27.45118133464932,0,38.352846525791186,-3.6234500517206745,-1.4781177862462984,0.15511178739704445,0.6791478921254788,-0.3090987781198802,0.12380820289299924,-1.8543237050154815,-4.43013282639757,13.84000015258789,12.683430743950218,100.0,4.27400016784668,4.4629998207092285,-0.18899965286254883,103.86000061035156,6.0917159296207,2.824029943586548,100.0,,,,,,,,,,,,,,,,
AAPL,273,2024-04-01,168.4965362548828,0.17645318502752527,27.650417850379117,37.37934102229106,0,40.21010542198386,-5.974787846431297,-7.130657611507934,0.27535930619886917,0.2792209035298397,0.22215475721664646,0.25341783266052553,-5.360126136344256,-11.573818790289947,13.010000228881836,13.432258221064664,99.12090551438266,4.205999851226807,4.635000228881836,-0.4290003776550293,104.81999969482422,13.657699603651796,8.066605867123112,100.0,,,,,,,,,,,,,,,,
AAPL,294,2024-04-30,168.79385375976562,12.457826624555214,30.55901632912599,37.53169613582408,0,49.286441068647115,-1.4517408456687304,-5.989110771658325,0.5609086097176676,0.16451092653441388,0.5672874621221826,0.2435548901513476,0.8825016723201129,-7.512281796871678,14.670000076293945,7.2424716671750655,81.67340248055017,4.613999843597412,4.888999938964844,-0.27500009536743164,105.76000213623047,13.177589706350101,-1.355488072779909,100.0,,,,,,,,,,,,,,,,
AAPL,315,2024-05-30,189.8218994140625,13.309651445221649,20.26556233002641,23.090974334108672,0,65.88971022284801,8.237112173588839,5.847948087850599,0.733976070238729,0.80801722267496,-0.10966629822717344,0.250294238608478,13.142023426812788,6.617744295534922,14.279999732971191,9.766607457964804,92.86317954607574,4.624000072479248,4.892000198364258,-0.26800012588500977,104.66999816894531,11.947738963846376,-3.644226145341223,100.0,,,,,,,,,,,,,,,,
AAPL,336,2024-07-01,215.08653259277344,2.4590393625498974,7.621536486715907,16.618081655027474,0,67.55053700296216,13.122901333629034,18.094204175580224,0.7922909036987774,1.0,-0.2364454619226679,0.3343480730967679,12.74381924658563,28.55010416946906,12.4399995803833,12.398862913020391,99.12825487341995,4.3429999351501465,4.702000141143799,-0.35900020599365234,105.72000122070312,9.671460527714903,4.2522315315151715,100.0,,,,,,,,,,,,,,,,
AAPL,357,2024-07-31,220.37559509277344,3.5914955373139046,5.340634452331261,6.50806800883641,0,54.30562166245031,5.000965046863263,17.61327374433223,0.35820876966985854,0.8181126256629045,-1.8996788019103503,0.23350044980254303,0.8217062586515,31.35334131440697,17.690000534057617,10.507989888980163,90.65056275070478,4.14300012588501,4.081999778747559,0.06100034713745117,104.41999816894531,12.059049763091622,-2.8747504327868323,75.0,,,,,,,,,,,,,,,,
AAPL,378,2024-08-29,228.29037475585938,1.3969298529974639,2.3493109326915285,2.8979754215526787,0,63.567312875882934,3.9640349338171816,18.781827523918658,0.8004979012767629,0.9319845721638157,0.6103181257742598,0.2323384874310614,5.356275439921121,19.664994534737644,17.110000610351562,9.180699198870702,95.1452591198884,3.8410000801086426,3.9240000247955322,-0.08299994468688965,101.69999694824219,12.056702265247022,-5.477300590836165,75.0,,,,,,,,,,,,,,,,
AAPL,399,2024-09-30,231.47943115234375,0.28754991023212106,8.359428291029891,-3.698393353933316,0,64.90286666137294,4.865060329444539,18.26330658320541,1.0403815064915842,0.9778663370173011,0.8147905284150749,0.2345106867255665,1.7467232799789567,5.901704781495787,16.959999084472656,10.094059821509704,100.0,3.749000072479248,3.5460000038146973,0.20300006866455078,101.19000244140625,16.701310434520323,-9.68753840699903,100.0,,,,,,,,,,,,,,,,
AAPL,420,2024-10-29,232.14505004882812,0.6498417429688041,1.1082461792400133,-11.926231991911585,0,57.17073700041092,2.891092469565334,16.107168094985454,0.7083996188920705,0.9609145510113658,-0.07935333338385764,0.17866819264979877,3.297813826053253,7.135212604187391,19.799999237060547,9.142046605485387,98.12998803346488,4.2779998779296875,4.14900016784668,0.1289997100830078,103.98999786376953,18.48643343451737,-11.165318413989379,100.0,,,,,,,,,,,,,,,,
AAPL,441,2024-11-27,233.65362548828125,7.351121851344011,0.5360705254009668,-13.267632852260647,0,63.18985387908683,2.7986281301657283,14.518956738508725,1.0000808331890048,0.9820357119509975,1.026292139115287,0.16470096071024443,2.2114189160414854,2.7023898303686567,14.100000381469727,10.068321268800373,98.44530304286543,4.302000045776367,4.182000160217285,0.11999988555908203,105.73999786376953,9.807886048012126,-11.260460424713825,75.0,,,,,,,,,,,,,,,,
AAPL,462,2024-12-30,250.8297882080078,-6.423479295193369,-11.127616521359373,-15.120874738211754,0,60.2255885796652,6.315281991172875,18.58673641926212,0.6320530008351097,0.9279186559539327,-0.012399128417957428,0.1630459336923217,6.265532521619144,11.61198034973976,15.949999809265137,6.473692285635568,86.91984827497792,4.61899995803833,4.229000091552734,0.3899998664855957,108.48999786376953,6.117794955745159,-5.240695228020842,25.0,,,,,,,,,,,,,,,,
AAPL,483,2025-01-31,234.71778869628906,0.08026021837201913,-12.891607424427754,-13.626879697109661,0,49.38580554543578,-1.760002255402611,7.560584673789826,0.5472732207483109,0.756698039611214,0.8956367446256404,0.3060784036609431,-5.758333613623668,2.6769354738155116,15.84000015258789,7.292710885080145,93.85887765046925,4.51200008392334,4.230000019073486,0.2820000648498535,108.37000274658203,11.330121018015982,-2.967240175731778,100.0,,,,,,,,,,,,,,,,
AAPL,504,2025-03-04,234.9061737060547,-5.1032130241806755,-13.730100356542218,1.3240045623164942,0,45.88517832478792,-1.4623189316998104,4.4240741946205215,0.38650548080541763,0.7586999883735844,-0.49662858218762684,0.22947990392511045,3.587300168931118,-0.48060152732314343,22.780000686645508,0.9127522342645467,68.90187741771673,4.179999828338623,3.9200000762939453,0.25999975204467773,105.73999786376953,12.549487969833418,-7.409100115098354,75.0,,,,,,,,,,,,,,,,
AAPL,525,2025-04-02,222.9184112548828,-8.28084065766589,-4.493249826941015,15.127699492531432,0,48.992412587682104,-2.6873224086452994,-2.1521210900702874,0.6086455490156867,0.6313072290846541,1.2039002967248917,0.3154779941240678,-5.026733775335912,-10.495908036833645,21.770000457763672,-1.5878535721158715,59.79508217125276,4.156000137329102,3.8399999141693115,0.31600022315979004,103.80999755859375,18.29526207512593,-1.4237280176272127,50.0,,,,,,,,,,,,,,,,
AAPL,546,2025-05-02,204.45889282226562,-0.8830980569454638,-0.8440888999805773,31.98528473400859,0,48.052660880843604,-4.749574475121055,-9.452210157560433,0.6320808961526178,0.40834756774558334,2.227485866130052,0.7262052204004058,1.0630560547960632,-9.839131220579533,24.600000381469727,-1.0326929554518527,60.60892846181595,4.230999946594238,3.7909998893737793,0.440000057220459,100.0,17.757241790713785,-17.466128129985847,50.0,,,,,,,,,,,,,,,,
AAPL,567,2025-06-03,202.6533203125,5.057311569654543,17.45000861375212,41.08944990049008,0,49.177884514438304,-0.6839347551392134,-9.642357650165678,0.491746248285589,0.36049820452840575,-0.15732775279235134,0.2937759436085966,2.336249985744998,-13.66057369148952,18.360000610351562,3.109486192170663,85.03678359440758,4.461999893188477,3.9019999504089355,0.559999942779541,98.69999694824219,18.096293889652635,-8.062809207579114,100.0,,,,,,,,,,,,,,,,
AAPL,588,2025-07-03,212.90213012695312,-4.776397548469646,20.544044566398867,27.17423384659401,0,67.51628496773986,4.861794452937677,-4.094938603424283,1.1088690099323038,0.4797523181335973,1.7169734839607338,0.1992627042669153,5.290406066065856,5.2365080051073765,16.639999389648438,7.472119641027786,100.0,4.293000221252441,3.8499999046325684,0.44300031661987305,96.77999877929688,13.921714447956624,-2.2403733592666453,100.0,,,,,,,,,,,,,,,,
AAPL,609,2025-08-04,202.7330780029297,17.403802333453623,33.10884169162029,32.79929009661444,0,38.12695558863455,-0.9508853371921576,-8.029334092559509,-0.042835961990363415,0.36142625694108454,-1.3885733232953295,0.13517665758361402,-3.143595946765665,2.3765261723552644,20.3799991607666,7.227584608812543,95.74768456823027,4.21999979019165,3.700000047683716,0.5199997425079346,98.69000244140625,11.629943323452952,-1.0650939916447055,100.0,,,,,,,,,,,,,,,,
MSFT,252,2024-02-29,407.3871765136719,2.642385575892847,0.42982897258072583,0.23475453289070192,0,60.345957171588964,5.011965755423832,17.821714406565054,0.7659402591613341,0.9650517983755833,-0.7995085109820455,0.1988989035799715,4.231843469639407,9.384961187499542,13.84000015258789,12.683430743950218,100.0,4.27400016784668,4.4629998207092285,-0.18899965286254883,103.86000061035156,6.0917159296207,2.824029943586548,100.0,,,,,,,,,,,,,,,,
MSFT,273,2024-04-01,418.15191650390625,-8.300159348976887,7.768755251969739,1.7154062596108188,0,58.99495884031026,3.311444831743257,17.614184731099154,0.716155232798914,0.9692687490626362,-0.1384909951459239,0.21612506492851705,2.182912158877337,13.114334701321484,13.010000228881836,13.432258221064664,99.12090551438266,4.205999851226807,4.635000228881836,-0.4290003776550293,104.81999969482422,13.657699603651796,8.066605867123112,100.0,,,,,,,,,,,,,,,,
MSFT,294,2024-04-30,383.44464111328125,6.700733498589773,7.647639253866023,11.347452874772944,0,34.0976295131175,-5.917709923864405,5.489600463098215,-0.01916395543496752,0.6858327439538663,-2.2101219382715493,0.2247871634429194,-7.61910825890002,-1.8939620195671525,14.670000076293945,7.2424716671750655,81.67340248055017,4.613999843597412,4.888999938964844,-0.27500009536743164,105.76000213623047,13.177589706350101,-1.355488072779909,100.0,,,,,,,,,,,,,,,,
MSFT,315,2024-05-30,409.13824462890625,10.142994793177884,-0.19423954186290615,2.394812959128756,0,46.47915891464152,-0.33608414325392644,9.92696083292214,0.40099866703696807,0.8680788928596989,0.3082191271709034,0.1920023032613827,5.185096034273973,-0.019740047365668367,14.279999732971191,9.766607457964804,92.86317954607574,4.624000072479248,4.892000198364258,-0.26800012588500977,104.66999816894531,11.947738963846376,-3.644226145341223,100.0,,,,,,,,,,,,,,,,
MSFT,336,2024-07-01,450.6371154785156,-8.403216285103078,-5.61697959506523,-6.6302680050224545,0,69.52865324775168,7.864040388496978,17.37973376181673,0.8319601971563835,1.0,0.6520808802634885,0.14325259651635036,10.020956653694713,8.56914953531318,12.4399995803833,12.398862913020391,99.12825487341995,4.3429999351501465,4.702000141143799,-0.35900020599365234,105.72000122070312,9.671460527714903,4.2522315315151715,100.0,,,,,,,,,,,,,,,,
MSFT,357,2024-07-31,412.76910400390625,-1.0721654271176329,3.436966798855323,-0.40863936864105055,0,34.656292731879645,-4.735601485283087,4.039116803623944,0.10750224936119361,0.6869335146794743,-3.8032219113799814,0.22606529555308014,-8.911772708048805,6.118551405557393,17.690000534057617,10.507989888980163,90.65056275070478,4.14300012588501,4.081999778747559,0.06100034713745117,104.41999816894531,12.059049763091622,-2.8747504327868323,75.0,,,,,,,,,,,,,,,,
MSFT,378,2024-08-29,408.3435363769531,4.158602442446346,2.5940912519549775,-5.555617419576297,0,44.27865565055421,-4.243847990086343,0.9954033478504166,0.5391254747754634,0.6583980618631191,0.7529621351145606,0.20247262529516685,-0.7780711292876386,-0.3048240537411817,17.110000610351562,9.180699198870702,95.1452591198884,3.8410000801086426,3.9240000247955322,-0.08299994468688965,101.69999694824219,12.056702265247022,-5.477300590836165,75.0,,,,,,,,,,,,,,,,
MSFT,399,2024-09-30,425.3249206542969,0.38345282182086216,-1.0735918448147586,-10.83599703724899,0,55.062654512535765,2.573424219042128,3.808937935130859,0.6316216713846518,0.766041712409177,0.2542219022282257,0.183186872592789,3.1548154862115485,-6.141005541143729,16.959999084472656,10.094059821509704,100.0,3.749000072479248,3.5460000038146973,0.20300006866455078,101.19000244140625,16.701310434520323,-9.68753840699903,100.0,,,,,,,,,,,,,,,,
MSFT,420,2024-10-29,426.9558410644531,-1.8782974633695826,-3.717825731466573,1.1750983114314328,0,62.04412505482274,2.6028455232065837,2.9662686264538567,1.0456471335164137,0.7364438854605095,1.4552515168006213,0.1320985022625908,2.676557324725537,3.7444659193173635,19.799999237060547,9.142046605485387,98.12998803346488,4.2779998779296875,4.14900016784668,0.1289997100830078,103.98999786376953,18.48643343451737,-11.165318413989379,100.0,,,,,,,,,,,,,,,,
MSFT,441,2024-11-27,418.93634033203125,0.43498891948881013,-7.943643315205029,9.872567200958414,0,53.24686652329763,0.5677677559548195,0.6088195930380113,0.719817132756584,0.5827692559104589,0.6880469228493901,0.2957075034922946,-2.0098686056108206,1.6053816478454275,14.100000381469727,10.068321268800373,98.44530304286543,4.302000045776367,4.182000160217285,0.11999988555908203,105.73999786376953,9.807886048012126,-11.260460424713825,75.0,,,,,,,,,,,,,,,,
MSFT,462,2024-12-30,420.7586669921875,-2.2997268524495573,-9.868351004031206,17.87254613263396,0,40.58424226228243,-0.759090152274181,0.2317586164472294,0.0075730007218077645,0.5935488881916962,-2.632407398239881,0.20280401597314968,0.32351839221815837,1.1862287293937568,15.949999809265137,6.473692285635568,86.91984827497792,4.61899995803833,4.229000091552734,0.3899998664855957,108.48999786376953,6.117794955745159,-5.240695228020842,25.0,,,,,,,,,,,,,,,,
MSFT,483,2025-01-31,411.0823669433594,-6.184851808197667,5.081858693024022,29.547368007668993,0,40.49252207715307,-3.766578533887833,-2.265275330458873,0.2038447147526975,0.354884936984356,-1.076182363122847,0.3377048227368725,-1.5278723038740893,-3.846930254915426,15.84000015258789,7.292710885080145,93.85887765046925,4.51200008392334,4.230000019073486,0.2820000648498535,108.37000274658203,11.330121018015982,-2.967240175731778,100.0,,,,,,,,,,,,,,,,
MSFT,504,2025-03-04,385.65753173828125,-1.66489860986897,19.353590732649707,30.493313959883285,0,32.68040453826559,-7.317610325692897,-8.365223380209983,0.004836216975590504,0.02841483973155751,-1.600100199562668,0.16638295983689713,-5.2396646757379095,-8.045814587673583,22.780000686645508,0.9127522342645467,68.90187741771673,4.179999828338623,3.9200000762939453,0.25999975204467773,105.73999786376953,12.549487969833418,-7.409100115098354,75.0,,,,,,,,,,,,,,,,
MSFT,525,2025-04-02,379.2367248535156,13.905896669214645,30.778197720432132,35.43104198182818,0,42.325267752687886,-5.095834250064281,-9.0748626257258,0.3281830245703218,0.07544920676658778,0.20139389432971821,0.2327282450172515,-4.707990038638766,-9.156290320812023,21.770000457763672,-1.5878535721158715,59.79508217125276,4.156000137329102,3.8399999141693115,0.31600022315979004,103.80999755859375,18.29526207512593,-1.4237280176272127,50.0,,,,,,,,,,,,,,,,
MSFT,546,2025-05-02,431.9729919433594,6.5566877201668206,23.282334000311277,19.37451160874357,0,71.99191311195395,12.512958743049058,5.370574883456245,1.1206194834155603,0.7318599691579954,6.671387260760184,0.5240076794148414,16.662654253653674,6.140557875468833,24.600000381469727,-1.0326929554518527,60.60892846181595,4.230999946594238,3.7909998893737793,0.440000057220459,100.0,17.757241790713785,-17.466128129985847,50.0,,,,,,,,,,,,,,,,
MSFT,567,2025-06-03,460.2961120605469,7.747804263917812,9.333379212852,6.2107939788833555,0,71.26376605889902,12.508939055263014,11.305986140239437,0.795667234932954,0.9906216551466863,-1.2557126315208311,0.14724115690060283,6.339259634543071,15.660058272552234,18.360000610351562,3.109486192170663,85.03678359440758,4.461999893188477,3.9019999504089355,0.559999942779541,98.69999694824219,18.096293889652635,-8.062809207579114,100.0,,,,,,,,,,,,,,,,
MSFT,588,2025-07-03,495.9589538574219,7.377109048392394,3.557813414237865,-4.858455942414963,0,72.81063879552258,9.464189300883671,17.889908648699627,0.8771850784503594,1.0,-0.5024432552956881,0.12458698945736209,7.538758321613859,33.94329978263737,16.639999389648438,7.472119641027786,100.0,4.293000221252441,3.8499999046325684,0.44300031661987305,96.77999877929688,13.921714447956624,-2.2403733592666453,100.0,,,,,,,,,,,,,,,,
MSFT,609,2025-08-04,532.54638671875,-5.499820062256166,-3.1698153861670297,-22.96003319106409,0,74.07643065193994,9.263845839874278,23.88016375142758,1.1186022025345181,1.0,1.1151408286280535,0.1875703266874515,7.618740908933375,23.03077736462351,20.3799991607666,7.227584608812543,95.74768456823027,4.21999979019165,3.700000047683716,0.5199997425079346,98.69000244140625,11.629943323452952,-1.0650939916447055,100.0,,,,,,,,,,,,,,,,
GOOGL,252,2024-02-29,137.42169189453125,12.29958512416296,24.30303657489594,16.976498511892203,0,42.50631368762385,-2.928812639612214,4.378815977751907,0.1730244743304224,0.7616790109751261,-0.9431131517761491,0.2532545462566852,-1.170591812057431,2.5705657044019725,13.84000015258789,12.683430743950218,100.0,4.27400016784668,4.4629998207092285,-0.18899965286254883,103.86000061035156,6.0917159296207,2.824029943586548,100.0,,,,,,,,,,,,,,,,
GOOGL,273,2024-04-01,154.32398986816406,4.688386939913736,17.82107713072969,6.926907722011277,0,70.92505116291177,8.003780271188282,15.378251580713547,0.9042742449098224,1.0,1.2745869252112427,0.26807695430622425,13.380493663321126,11.310760985521462,13.010000228881836,13.432258221064664,99.12090551438266,4.205999851226807,4.635000228881836,-0.4290003776550293,104.81999969482422,13.657699603651796,8.066605867123112,100.0,,,,,,,,,,,,,,,,
GOOGL,294,2024-04-30,161.55929565429688,5.731666658796075,5.502443815847258,4.4969611681203725,0,58.64606801805167,9.541358285198616,17.46745244901199,0.7773104086736625,0.8636630603718283,0.5674043192894165,0.43386441628550887,5.3183323298468865,16.188422341861795,14.670000076293945,7.2424716671750655,81.67340248055017,4.613999843597412,4.888999938964844,-0.27500009536743164,105.76000213623047,13.177589706350101,-1.355488072779909,100.0,,,,,,,,,,,,,,,,
GOOGL,315,2024-05-30,170.8193359375,6.443562806213166,-5.89409419502741,-1.429885046793089,0,54.98923594699778,5.99015793395253,20.14965821239314,0.4813606226694056,0.9065143748824722,-0.6255231396528975,0.16921488485466815,5.034781204591887,25.499481009918036,14.279999732971191,9.766607457964804,92.86317954607574,4.624000072479248,4.892000198364258,-0.26800012588500977,104.66999816894531,11.947738963846376,-3.644226145341223,100.0,,,,,,,,,,,,,,,,
GOOGL,336,2024-07-01,181.82618713378906,-6.25717460514339,-9.246367181510895,4.7670638219809325,0,62.81987121801596,6.110830549095535,23.799460633369495,0.8294559029506082,0.9649746683661846,0.317272694038484,0.17369583640586178,6.202901841894937,18.53004635401192,12.4399995803833,12.398862913020391,99.12825487341995,4.3429999351501465,4.702000141143799,-0.35900020599365234,105.72000122070312,9.671460527714903,4.2522315315151715,100.0,,,,,,,,,,,,,,,,
GOOGL,357,2024-07-31,170.44900512695312,-5.689632359958052,-0.9530420446771326,19.22866617262935,0,40.33878691040622,-3.8959457018295356,12.391092022663708,0.22917277287221594,0.7159800146413616,-1.693452667031369,0.29985730030967295,-7.395819171195783,4.807069186829782,17.690000534057617,10.507989888980163,90.65056275070478,4.14300012588501,4.081999778747559,0.06100034713745117,104.41999816894531,12.059049763091622,-2.8747504327868323,75.0,,,,,,,,,,,,,,,,
GOOGL,378,2024-08-29,160.75108337402344,2.651793552965387,4.7438140146975005,5.911077407528809,0,40.20329794479108,-6.797158734711363,3.692982974083746,0.36641499248607584,0.5748377774666269,0.48867045724492275,0.25857680116994514,-5.258848352220746,-6.106860636153555,17.110000610351562,9.180699198870702,95.1452591198884,3.8410000801086426,3.9240000247955322,-0.08299994468688965,101.69999694824219,12.056702265247022,-5.477300590836165,75.0,,,,,,,,,,,,,,,,
GOOGL,399,2024-09-30,165.0138702392578,2.309311452774465,15.441179122293903,-5.094333463808132,0,60.229803613499314,1.9149562271954819,4.725186449567806,0.8728394713040842,0.6368777990389288,1.2700938825639896,0.2629550693092786,1.64649984608769,-10.348703604837395,16.959999084472656,10.094059821509704,100.0,3.749000072479248,3.5460000038146973,0.20300006866455078,101.19000244140625,16.701310434520323,-9.68753840699903,100.0,,,,,,,,,,,,,,,,
GOOGL,420,2024-10-29,168.82455444335938,-0.26520943528457464,20.37589910273654,-3.1075318828866605,0,64.13297258966276,4.729577459498584,5.28815006288967,1.1587511585014676,0.6836088298970485,0.35371345057365977,0.17353235835789269,1.6108650044394768,-0.5006225857154711,19.799999237060547,9.142046605485387,98.12998803346488,4.2779998779296875,4.14900016784668,0.1289997100830078,103.98999786376953,18.48643343451737,-11.165318413989379,100.0,,,,,,,,,,,,,,,,
GOOGL,441,2024-11-27,168.37681579589844,13.135503019870963,1.1143984051101175,-1.5765115689599707,0,47.31864908196044,0.6043408402597615,3.13189388162664,0.280170550150914,0.6499180932301951,-1.3635497483442056,0.31591749938251934,-2.9978366299599934,3.7180326482081583,14.100000381469727,10.068321268800373,98.44530304286543,4.302000045776367,4.182000160217285,0.11999988555908203,105.73999786376953,9.807886048012126,-11.260460424713825,75.0,,,,,,,,,,,,,,,,
GOOGL,462,2024-12-30,190.49395751953125,6.682688502886691,-17.788723869796506,-5.90130959006464,0,58.243224105427934,7.886123964547576,13.23932388618296,0.6217725295098628,0.9175473494690736,-0.010464896806213986,0.36030277680365447,13.322996098756,14.65308388047628,15.949999809265137,6.473692285635568,86.91984827497792,4.61899995803833,4.229000091552734,0.3899998664855957,108.48999786376953,6.117794955745159,-5.240695228020842,25.0,,,,,,,,,,,,,,,,
GOOGL,483,2025-01-31,203.2240753173828,-16.223900106415947,-19.508415854556517,-4.175562505457641,0,63.83231380314455,8.949872767488847,17.622368578481808,1.0598482808186627,1.0,0.16825780435651527,0.27309028045818545,7.7760128672577755,17.077727485699867,15.84000015258789,7.292710885080145,93.85887765046925,4.51200008392334,4.230000019073486,0.2820000648498535,108.37000274658203,11.330121018015982,-2.967240175731778,100.0,,,,,,,,,,,,,,,,
GOOGL,504,2025-03-04,170.25320434570312,-8.014939260855758,-2.6612530129379586,35.27101519182154,0,35.152184131131676,-9.801898356062456,-2.632012221264523,0.2066416577846614,0.5300484012129842,-1.5617930959062374,0.35927439568389885,-15.062361262937374,1.2819695863091063,22.780000686645508,0.9127522342645467,68.90187741771673,4.179999828338623,3.9200000762939453,0.25999975204467773,105.73999786376953,12.549487969833418,-7.409100115098354,75.0,,,,,,,,,,,,,,,,
GOOGL,525,2025-04-02,156.60751342773438,4.451104552766472,14.459590994433636,56.7800920355086,0,37.07731252790111,-11.436085095195589,-9.889610090557145,0.18055472899437158,0.15082066031222852,-0.17868481348110787,0.34781334682232984,-9.13140236873522,-16.9461917544125,21.770000457763672,-1.5878535721158715,59.79508217125276,4.156000137329102,3.8399999141693115,0.31600022315979004,103.80999755859375,18.29526207512593,-1.4237280176272127,50.0,,,,,,,,,,,,,,,,
GOOGL,546,2025-05-02,163.57827758789062,1.3107230734759723,19.049014268862365,71.7869873751267,0,56.537032566978304,1.4123354975935583,-4.275397904349713,0.8737287488459718,0.31460277671179965,1.6610977498950448,0.4647200955900637,8.83095611612259,-18.39241616399063,24.600000381469727,-1.0326929554518527,60.60892846181595,4.230999946594238,3.7909998893737793,0.440000057220459,100.0,17.757241790713785,-17.466128129985847,50.0,,,,,,,,,,,,,,,,
GOOGL,567,2025-06-03,165.7223358154297,8.164248623418269,38.96934096532119,90.4411644873724,0,51.527588894055874,3.7663786728800206,-2.822642499606935,0.5494566519588001,0.34959444548067753,0.11979436065465077,0.39446715953338585,1.19967994868444,-3.842696163651893,18.360000610351562,3.109486192170663,85.03678359440758,4.461999893188477,3.9019999504089355,0.559999942779541,98.69999694824219,18.096293889652635,-8.062809207579114,100.0,,,,,,,,,,,,,,,,
GOOGL,588,2025-07-03,179.2523193359375,8.639223050390378,36.97418510182609,75.81362130431377,0,61.389707697663276,7.02913976539285,4.166912222642773,0.811356624371903,0.5704078057322755,0.38703960814967076,0.2716086846818166,6.960624128482262,19.25911916318381,16.639999389648438,7.472119641027786,100.0,4.293000221252441,3.8499999046325684,0.44300031661987305,96.77999877929688,13.921714447956624,-2.2403733592666453,100.0,,,,,,,,,,,,,,,,
GOOGL,609,2025-08-04,194.7383270263672,18.26292308850761,44.29937822682008,74.44434110244875,0,65.1922843154891,9.20706543183609,11.53421241763755,0.7912602301112422,0.8231440629363437,0.03072518244212752,0.20689179679181077,10.322981410486975,18.91852882618934,20.3799991607666,7.227584608812543,95.74768456823027,4.21999979019165,3.700000047683716,0.5199997425079346,98.69000244140625,11.629943323452952,-1.0650939916447055,100.0,,,,,,,,,,,,,,,,
META,252,2024-02-29,487.2464904785156,0.24891499755137492,-4.708966683333237,5.83609903813036,0,70.19063322662602,20.042132242307133,49.64487684343947,0.747867434395383,1.0,-1.7679266166308238,0.7100278833793578,25.76256204399916,47.697164297568364,13.84000015258789,12.683430743950218,100.0,4.27400016784668,4.4629998207092285,-0.18899965286254883,103.86000061035156,6.0917159296207,2.824029943586548,100.0,,,,,,,,,,,,,,,,
META,273,2024-04-01,488.4593200683594,-12.451402879012562,2.814904689446074,16.73042987135629,0,52.16404309729899,5.172496355136827,39.321050248538825,0.32417445624909563,0.9316408081015168,-3.801639852197214,0.30467887713560426,-2.1799621232215127,38.96241082733756,13.010000228881836,13.432258221064664,99.12090551438266,4.205999851226807,4.635000228881836,-0.4290003776550293,104.81999969482422,13.657699603651796,8.066605867123112,100.0,,,,,,,,,,,,,,,,
META,294,2024-04-30,427.6392822265625,8.573331514055216,10.49152337234791,38.18618636962956,0,29.09981443244179,-12.663522158468124,15.036253413446676,0.002228807450287747,0.6703943944809087,-9.183891863728554,0.48641515790015305,-13.511057350735289,10.377422545726311,14.670000076293945,7.2424716671750655,81.67340248055017,4.613999843597412,4.888999938964844,-0.27500009536743164,105.76000213623047,13.177589706350101,-1.355488072779909,100.0,,,,,,,,,,,,,,,,
META,315,2024-05-30,464.3022155761719,8.164244650822528,11.066167880057233,22.108706604431184,0,46.63568666286243,-3.285786369823793,19.54986997250289,0.44045371166259106,0.771645452759087,1.2560662040885928,0.2240446468890271,6.343477103614026,-7.017721951590373,14.279999732971191,9.766607457964804,92.86317954607574,4.624000072479248,4.892000198364258,-0.26800012588500977,104.66999816894531,11.947738963846376,-3.644226145341223,100.0,,,,,,,,,,,,,,,,
META,336,2024-07-01,502.208984375,-5.914634709544941,13.534540759379453,17.35779865127114,0,55.73359801009207,5.187244151070523,22.562570756010857,0.5953299644095121,0.9093297076873141,-0.07033818978976569,0.23818971418731466,8.215221743965717,1.5704727157005882,12.4399995803833,12.398862913020391,99.12825487341995,4.3429999351501465,4.702000141143799,-0.35900020599365234,105.72000122070312,9.671460527714903,4.2522315315151715,100.0,,,,,,,,,,,,,,,,
META,357,2024-07-31,472.5051574707031,9.137999886198124,25.064966209174955,45.39813185374535,0,45.44814119195366,-3.36270761100286,10.102908431833885,0.35340235702658984,0.7470076285205668,-2.6759921568413976,0.46013515175064634,-6.804703774364452,8.222273573410854,17.690000534057617,10.507989888980163,90.65056275070478,4.14300012588501,4.081999778747559,0.06100034713745117,104.41999816894531,12.059049763091622,-2.8747504327868323,75.0,,,,,,,,,,,,,,,,
META,378,2024-08-29,515.6826782226562,10.568124185919082,9.942306406302803,23.71720966345503,0,53.16495366267199,2.7902594522846758,14.466317542328714,0.5202459361782973,0.9139802182889184,-1.3288598520087795,0.29177054004603786,4.114599016012677,11.118512630426025,17.110000610351562,9.180699198870702,95.1452591198884,3.8410000801086426,3.9240000247955322,-0.08299994468688965,101.69999694824219,12.056702265247022,-5.477300590836165,75.0,,,,,,,,,,,,,,,,
META,399,2024-09-30,570.1806640625,3.640556892432323,3.367484349978156,2.180298527913127,0,74.38144640930054,10.75769858002464,20.787312505266385,0.8405833438639223,1.0,3.301886436619771,0.23161387246894874,9.912754227601429,12.46047804828252,16.959999084472656,10.094059821509704,100.0,3.749000072479248,3.5460000038146973,0.20300006866455078,101.19000244140625,16.701310434520323,-9.68753840699903,100.0,,,,,,,,,,,,,,,,
META,420,2024-10-29,590.9384155273438,-4.058796098094031,16.258082707640575,0.8011724928952635,0,63.0229170885447,7.227421603904875,19.11207679013996,0.8243140163829924,0.9910004565075966,-1.9187165788299545,0.2293439142400336,2.916034111122423,19.308479369211028,19.799999237060547,9.142046605485387,98.12998803346488,4.2779998779296875,4.14900016784668,0.1289997100830078,103.98999786376953,18.48643343451737,-11.165318413989379,100.0,,,,,,,,,,,,,,,,
META,441,2024-11-27,566.9534301757812,3.9558766773262644,12.529210735534036,17.354463064507186,0,49.51405406436519,-0.9651557130755738,10.637928116555097,0.46898132447490143,0.9043094306457172,-0.6305442280210394,0.28046822209286115,-3.8188582016036365,9.29064585496986,14.100000381469727,10.068321268800373,98.44530304286543,4.302000045776367,4.182000160217285,0.11999988555908203,105.73999786376953,9.807886048012126,-11.260460424713825,75.0,,,,,,,,,,,,,,,,
META,462,2024-12-30,589.3814086914062,16.56520917420268,-1.1485099299171297,21.812378804785414,0,46.62052502320377,0.6821190693952652,12.248825341036431,0.16398158524323225,0.8583786520686316,-3.3657720095879062,0.29878808510753496,3.0291213035555042,2.6448705441108,15.949999809265137,6.473692285635568,86.91984827497792,4.61899995803833,4.229000091552734,0.3899998664855957,108.48999786376953,6.117794955745159,-5.240695228020842,25.0,,,,,,,,,,,,,,,,
META,483,2025-01-31,687.013671875,-7.136022712088952,-13.295342443944724,12.838227538798751,0,74.59348645228347,13.02369908244618,27.639241473509873,0.9785799142801591,1.0,7.319346665298511,0.277142934114473,17.705941152843586,16.548830777087332,15.84000015258789,7.292710885080145,93.85887765046925,4.51200008392334,4.230000019073486,0.2820000648498535,108.37000274658203,11.330121018015982,-2.967240175731778,100.0,,,,,,,,,,,,,,,,
META,504,2025-03-04,637.9882202148438,-8.6797708441538,4.287999797948849,15.355207729527764,0,37.79150515946813,-1.776613973290602,13.505850973595122,0.02882105038858189,0.6858122999216552,-9.931966635825386,0.24868920027904917,-8.238462386614865,11.526025017818053,22.780000686645508,0.9127522342645467,68.90187741771673,4.179999828338623,3.9200000762939453,0.25999975204467773,105.73999786376953,12.549487969833418,-7.409100115098354,75.0,,,,,,,,,,,,,,,,
META,525,2025-04-02,582.6123046875,2.2417217710507087,23.227660724612175,24.689697365884733,0,39.900908892474256,-10.219539726327165,1.3329790697486152,0.25762502675762994,0.50526713363139,-0.07016403971417873,0.42310707451392,-10.97087754429179,-0.1811281814682486,21.770000457763672,-1.5878535721158715,59.79508217125276,4.156000137329102,3.8399999141693115,0.31600022315979004,103.80999755859375,18.29526207512593,-1.4237280176272127,50.0,,,,,,,,,,,,,,,,
META,546,2025-05-02,595.6728515625,11.696403833637437,30.14090675099883,8.754604742208215,0,60.40074705688893,2.3479262186639422,3.136470702007583,1.0281037853144626,0.5342322794495219,11.40622130931519,0.7048930249508021,12.302048949151523,-14.32466142475497,24.600000381469727,-1.0326929554518527,60.60892846181595,4.230999946594238,3.7909998893737793,0.440000057220459,100.0,17.757241790713785,-17.466128129985847,50.0,,,,,,,,,,,,,,,,
META,567,2025-06-03,665.3451538085938,7.904823541661021,10.61215859257143,-2.8214712116257035,0,67.6705179559309,13.831725163690912,12.181632356962151,0.8297107305041063,0.7562928621566299,1.1907361676521724,0.3537635145552621,11.277041376097309,1.6715484673974768,18.360000610351562,3.109486192170663,85.03678359440758,4.461999893188477,3.9019999504089355,0.559999942779541,98.69999694824219,18.096293889652635,-8.062809207579114,100.0,,,,,,,,,,,,,,,,
META,588,2025-07-03,717.9395141601562,7.977626945330085,1.1864516721938667,-9.406020936822356,0,61.34808207727302,10.635332886117581,17.21034642151216,0.7213975276094898,0.9333397329604323,-1.5368854118773854,0.24555856479854,4.595276570502471,35.35295128904219,16.639999389648438,7.472119641027786,100.0,4.293000221252441,3.8499999046325684,0.44300031661987305,96.77999877929688,13.921714447956624,-2.2403733592666453,100.0,,,,,,,,,,,,,,,,
META,609,2025-08-04,775.2140502929688,-5.064590039277683,-16.433189642446123,-10.773029469006124,0,66.04656975678749,10.64715662114639,23.3777122865226,1.1231627773314161,1.0,4.74190699347429,0.45002185806574224,8.076839849954776,29.652294686434153,20.3799991607666,7.227584608812543,95.74768456823027,4.21999979019165,3.700000047683716,0.5199997425079346,98.69000244140625,11.629943323452952,-1.0650939916447055,100.0,,,,,,,,,,,,,,,,
NVDA,252,2024-02-29,79.06794738769531,14.226966050580515,39.68193852441537,48.656556789083005,0,71.61323094155914,28.603768541812354,64.27546968202066,0.8417709164893541,1.0,0.15471615218508195,0.6471164611189258,28.580945614419594,64.35178845427858,13.84000015258789,12.683430743950218,100.0,4.27400016784668,4.4629998207092285,-0.18899965286254883,103.86000061035156,6.0917159296207,2.824029943586548,100.0,,,,,,,,,,,,,,,,
NVDA,273,2024-04-01,90.3169174194336,-4.383419219043317,37.56761160798947,34.413832246763576,0,59.99330219158887,16.449701979052534,67.96312427596767,0.5475772124140335,0.9325427793703105,-0.827811988677551,0.46312466623440474,9.83026621503782,82.47896458537241,13.010000228881836,13.432258221064664,99.12090551438266,4.205999851226807,4.635000228881836,-0.4290003776550293,104.81999969482422,13.657699603651796,8.066605867123112,100.0,,,,,,,,,,,,,,,,
NVDA,294,2024-04-30,86.35794830322266,27.890534493483532,35.447790104327126,63.50741034475418,0,52.03625051663894,0.8627484199996747,48.21853207971457,0.5774741803192895,0.8724962001243868,0.11265267961528636,0.6102455201630816,-3.4096434460076264,40.43600499331481,14.670000076293945,7.2424716671750655,81.67340248055017,4.613999843597412,4.888999938964844,-0.27500009536743164,105.76000213623047,13.177589706350101,-1.355488072779909,100.0,,,,,,,,,,,,,,,,
NVDA,315,2024-05-30,110.44364166259766,12.497944020576313,6.425038454845722,22.50017598009515,0,70.48109798912108,21.777512837893124,73.73442621215717,0.909119677271041,0.9440912357712996,2.123020760395473,0.48152716218401187,33.06680572614731,34.305453641969684,14.279999732971191,9.766607457964804,92.86317954607574,4.624000072479248,4.892000198364258,-0.26800012588500977,104.66999816894531,11.947738963846376,-3.644226145341223,100.0,,,,,,,,,,,,,,,,
NVDA,336,2024-07-01,124.246826171875,-5.856804427065421,-2.2925304323904827,10.628493952821195,0,57.12107015958117,17.92288061650832,73.26285680063411,0.4872970123852641,0.8815907717177622,-1.6253236136731122,0.5180612981745154,13.38758901747461,38.9686239245157,12.4399995803833,12.398862913020391,99.12825487341995,4.3429999351501465,4.702000141143799,-0.35900020599365234,105.72000122070312,9.671460527714903,4.2522315315151715,100.0,,,,,,,,,,,,,,,,
NVDA,357,2024-07-31,116.96993255615234,0.4870957362702599,20.716189034028876,2.6222446973981572,0,48.23971496100179,-2.3756157882235085,46.42610516130339,0.3526013595716369,0.8051704615743562,-1.8219377896430213,0.7405193023756844,-4.605847463016099,40.92993545794306,17.690000534057617,10.507989888980163,90.65056275070478,4.14300012588501,4.081999778747559,0.06100034713745117,104.41999816894531,12.059049763091622,-2.8747504327868323,75.0,,,,,,,,,,,,,,,,
NVDA,378,2024-08-29,117.53968811035156,3.282926662721053,15.104657474067839,-1.3454226951527537,0,47.598984604819556,-2.2505918034388164,34.20272199222531,0.5042944186363637,0.8111539070467151,0.4809122744417418,0.6410856324336307,7.6732869270027315,7.266658306927165,17.110000610351562,9.180699198870702,95.1452591198884,3.8410000801086426,3.9240000247955322,-0.08299994468688965,101.69999694824219,12.056702265247022,-5.477300590836165,75.0,,,,,,,,,,,,,,,,
NVDA,399,2024-09-30,121.39842987060547,16.31257920548319,13.224193034976572,-9.059815792359638,0,54.956835429924105,4.771370243832963,28.25739357312545,0.7489566689033158,0.8516775504657663,0.9183597634591623,0.5776145569717713,1.7428066640275963,-0.9942120701191826,16.959999084472656,10.094059821509704,100.0,3.749000072479248,3.5460000038146973,0.20300006866455078,101.19000244140625,16.701310434520323,-9.68753840699903,100.0,,,,,,,,,,,,,,,,
NVDA,420,2024-10-29,141.20164489746094,-4.184079800375873,-14.9888299833009,-18.925005978630814,0,63.707790294510914,13.099180533198263,36.44871750849193,0.7239243963606513,0.9761030349400663,0.033933934524841725,0.3412486071271883,20.7264966464177,29.349034951795993,19.799999237060547,9.142046605485387,98.12998803346488,4.2779998779296875,4.14900016784668,0.1289997100830078,103.98999786376953,18.48643343451737,-11.165318413989379,100.0,,,,,,,,,,,,,,,,
NVDA,441,2024-11-27,135.2936553955078,1.5955938039418749,-14.291411425229839,4.361410032363011,0,43.51644793495505,0.06105835956992029,21.132371757113123,0.17105268586909594,0.8690351500680121,-1.6971366145557347,0.4190797221449805,-2.8706841968043517,13.38825583202803,14.100000381469727,10.068321268800373,98.44530304286543,4.302000045776367,4.182000160217285,0.11999988555908203,105.73999786376953,9.807886048012126,-11.260460424713825,75.0,,,,,,,,,,,,,,,,
NVDA,462,2024-12-30,137.452392578125,-12.670002930702218,-19.681313887088038,15.910782319872819,0,49.91510867125196,-1.7635043588633574,16.89676585931308,0.5068892832770896,0.887678435171285,0.4075168926792474,0.32964925488386826,-0.5428909941879723,17.52091006925296,15.949999809265137,6.473692285635568,86.91984827497792,4.61899995803833,4.229000091552734,0.3899998664855957,108.48999786376953,6.117794955745159,-5.240695228020842,25.0,,,,,,,,,,,,,,,,
NVDA,483,2025-01-31,120.03717041015625,-3.398020734340812,-4.630186826691974,49.93674648101454,0,38.79662766038966,-12.538119392325225,-1.965768132258528,0.06423597858484895,0.6660618307540682,-2.025592093997663,0.8904241172752382,-10.589022600982013,-13.823540366275012,15.84000015258789,7.292710885080145,93.85887765046925,4.51200008392334,4.230000019073486,0.2820000648498535,108.37000274658203,11.330121018015982,-2.967240175731778,100.0,,,,,,,,,,,,,,,,
NVDA,504,2025-03-04,115.95828247070312,-4.793384830096736,21.76307155183237,47.12264400465192,0,38.52947884760845,-12.712556554169542,-8.644639950287255,0.06796130061319501,0.5434689519988147,-1.8994658172600123,0.6232066656364494,-0.5743235662893142,-16.095490784124234,22.780000686645508,0.9127522342645467,68.90187741771673,4.179999828338623,3.9200000762939453,0.25999975204467773,105.73999786376953,12.549487969833418,-7.409100115098354,75.0,,,,,,,,,,,,,,,,
NVDA,525,2025-04-02,110.39995574951172,3.694991887890975,44.31359367224399,71.08655959295504,0,41.01608625465239,-10.41763507117442,-13.315911498549276,0.2912471114981135,0.4675645422059987,-0.2719940576141804,0.5243327156549799,-5.856644863703886,-17.767405590751885,21.770000457763672,-1.5878535721158715,59.79508217125276,4.156000137329102,3.8399999141693115,0.31600022315979004,103.80999755859375,18.29526207512593,-1.4237280176272127,50.0,,,,,,,,,,,,,,,,
NVDA,546,2025-05-02,114.4792251586914,23.336235250853687,57.21614784811031,76.86940924641159,0,56.124417442841946,1.8319645910347528,-8.46094842978959,0.8346081063389883,0.4741730976125537,1.5806215123032057,0.8576911676761,12.475438899086999,-1.8425061453831826,24.600000381469727,-1.0326929554518527,60.60892846181595,4.230999946594238,3.7909998893737793,0.440000057220459,100.0,17.757241790713785,-17.466128129985847,50.0,,,,,,,,,,,,,,,,
NVDA,567,2025-06-03,141.19436645507812,12.838881291610772,20.826981554932633,28.510725995032704,0,68.75794004531883,20.65032147284476,11.218104506695862,0.8198681552705536,0.8512645787103229,0.26398273149224316,0.3779870495131359,24.073090287228904,20.40323108991413,18.360000610351562,3.109486192170663,85.03678359440758,4.461999893188477,3.9019999504089355,0.559999942779541,98.69999694824219,18.096293889652635,-8.062809207579114,100.0,,,,,,,,,,,,,,,,
NVDA,588,2025-07-03,159.3221435546875,12.965984429578747,18.5519362656273,18.533432886366263,0,71.60303576802329,18.841965666036778,22.561259018232754,0.9276799379693635,1.0,0.43797641933648723,0.27338078730333026,12.282318195548614,56.53344960901254,16.639999389648438,7.472119641027786,100.0,4.293000221252441,3.8499999046325684,0.44300031661987305,96.77999877929688,13.921714447956624,-2.2403733592666453,100.0,,,,,,,,,,,,,,,,
NVDA,609,2025-08-04,179.97982788085938,-5.211104420983592,12.50079057864253,0.20011601370664156,0,68.62699296698392,15.775650513464473,33.373651325781346,0.8897098145158406,1.0,-0.31508586029807795,0.272872887980944,13.75125792547296,58.15541366975447,20.3799991607666,7.227584608812543,95.74768456823027,4.21999979019165,3.700000047683716,0.5199997425079346,98.69000244140625,11.629943323452952,-1.0650939916447055,100.0,,,,,,,,,,,,,,,,
AVGO,252,2024-02-29,127.17143249511719,4.269197187000673,5.3364124935642465,21.56860792385018,0,62.844354276982116,9.494522991813202,38.00216779278761,0.7997588001633998,0.9881442207974276,-0.10812552618259241,0.29786487072154455,10.210995237788257,38.863538608814885,13.84000015258789,12.683430743950218,100.0,4.27400016784668,4.4629998207092285,-0.18899965286254883,103.86000061035156,6.0917159296207,2.824029943586548,100.0,1515.073961984,67.13235,22.00909,31.048,166.032,1.705,81.0,49.480000000000004,36.198002,16.400000000000002,188.1,1.6529969047322641,5.3958898,23.714903,1.221,0.0
AVGO,273,2024-04-01,132.6006317138672,-3.702246748173066,21.90318540088365,28.58034675030192,0,59.07157286114715,6.064049000463735,35.167106842609385,0.6889506112975095,0.936735312598976,0.25015715687789597,0.4469046792544299,-3.0846660781191915,21.479092522648415,13.010000228881836,13.432258221064664,99.12090551438266,4.205999851226807,4.635000228881836,-0.4290003776550293,104.81999969482422,13.657699603651796,8.066605867123112,100.0,1515.073961984,67.13235,22.00909,31.048,166.032,1.705,81.0,49.480000000000004,36.198002,16.400000000000002,188.1,1.6529969047322641,5.3958898,23.714903,1.221,0.0
AVGO,294,2024-04-30,127.6914291381836,4.907451981030264,23.966719745403697,38.74084792102372,0,50.06857132388634,-0.4197138316979953,24.183795160763218,0.4661630014787169,0.8744592659910713,0.2163623721500908,0.4120661044000055,-2.875052677527179,10.661641632408836,14.670000076293945,7.2424716671750655,81.67340248055017,4.613999843597412,4.888999938964844,-0.27500009536743164,105.76000213623047,13.177589706350101,-1.355488072779909,100.0,1515.073961984,67.13235,22.00909,31.048,166.032,1.705,81.0,49.480000000000004,36.198002,16.400000000000002,188.1,1.6529969047322641,5.3958898,23.714903,1.221,0.0
AVGO,315,2024-05-30,133.95782470703125,20.668123922151118,15.409861648057998,17.81114378988182,0,51.06486943277604,2.410598357577613,24.28699042212794,0.5122201647654498,0.8910267333445212,-0.12011294012007578,0.28694749723159074,9.753306781774128,-2.092718977800989,14.279999732971191,9.766607457964804,92.86317954607574,4.624000072479248,4.892000198364258,-0.26800012588500977,104.66999816894531,11.947738963846376,-3.644226145341223,100.0,1515.073961984,67.13235,22.00909,31.048,166.032,1.705,81.0,49.480000000000004,36.198002,16.400000000000002,188.1,1.6529969047322641,5.3958898,23.714903,1.221,0.0
AVGO,336,2024-07-01,161.64439392089844,-2.072152173681152,5.477429754981511,44.43451175420614,0,60.51729162817799,15.34652743693769,40.479924612618916,0.6303798254956966,0.8220551537606431,-0.8661475724516245,0.5855341202837062,23.8952202425339,22.950329168534765,12.4399995803833,12.398862913020391,99.12825487341995,4.3429999351501465,4.702000141143799,-0.35900020599365234,105.72000122070312,9.671460527714903,4.2522315315151715,100.0,1515.073961984,67.13235,22.00909,31.048,166.032,1.705,81.0,49.480000000000004,36.198002,16.400000000000002,188.1,1.6529969047322641,5.3958898,23.714903,1.221,0.0
AVGO,357,2024-07-31,158.2948760986328,-2.3338316618650823,11.917818109539668,38.53160777801223,0,51.89164132119828,3.15449080305484,28.36280508834917,0.4506085498627601,0.7888641320322678,-1.8787259711150956,0.6698310953347207,-3.057651656320648,29.69295475223006,17.690000534057617,10.507989888980163,90.65056275070478,4.14300012588501,4.081999778747559,0.06100034713745117,104.41999816894531,12.059049763091622,-2.8747504327868323,75.0,1515.073961984,67.13235,22.00909,31.048,166.032,1.705,81.0,49.480000000000004,36.198002,16.400000000000002,188.1,1.6529969047322641,5.3958898,23.714903,1.221,0.0
AVGO,378,2024-08-29,154.6005401611328,10.283154168205954,2.080655940084686,20.181365767391533,0,48.66256782051382,-1.696499043588404,18.5073613965443,0.5254266518513161,0.7522562407237389,0.020201566742371835,0.47821578826426686,6.740577407691473,18.496333267527376,17.110000610351562,9.180699198870702,95.1452591198884,3.8410000801086426,3.9240000247955322,-0.08299994468688965,101.69999694824219,12.056702265247022,-5.477300590836165,75.0,1515.073961984,67.13235,22.00909,31.048,166.032,1.705,81.0,49.480000000000004,36.198002,16.400000000000002,188.1,1.6529969047322641,5.3958898,23.714903,1.221,0.0
AVGO,399,2024-09-30,170.49835205078125,3.907263253795934,36.934045596029286,0.3323136843574881,0,58.457834584730854,9.341342399581102,24.02180849899269,0.716930273326087,0.9092242425026237,1.241891890512636,0.6250063097903216,6.293661856404853,4.415954855236581,16.959999084472656,10.094059821509704,100.0,3.749000072479248,3.5460000038146973,0.20300006866455078,101.19000244140625,16.701310434520323,-9.68753840699903,100.0,1515.073961984,67.13235,22.00909,31.048,166.032,1.705,81.0,49.480000000000004,36.198002,16.400000000000002,188.1,1.6529969047322641,5.3958898,23.714903,1.221,0.0
AVGO,420,2024-10-29,177.16017150878906,-10.918326540698231,23.779761005011977,14.26213929979314,0,55.95881337620672,6.454466203960643,22.56018130915743,0.5848062869532806,0.9349185583569154,-1.1819617337588744,0.33580564012166303,7.0281324783646015,22.31638376414864,19.799999237060547,9.142046605485387,98.12998803346488,4.2779998779296875,4.14900016784668,0.1289997100830078,103.98999786376953,18.48643343451737,-11.165318413989379,100.0,1515.073961984,67.13235,22.00909,31.048,166.032,1.705,81.0,49.480000000000004,36.198002,16.400000000000002,188.1,1.6529969047322641,5.3958898,23.714903,1.221,0.0
AVGO,441,2024-11-27,157.81724548339844,47.93712209497103,17.731772646456044,61.7821091588076,0,34.53601140554281,-8.088675147137897,5.381784557778892,0.1302298362624487,0.7289527210699405,-1.1705345590645333,0.3137859285154175,-9.607102844611026,-1.6121110570891162,14.100000381469727,10.068321268800373,98.44530304286543,4.302000045776367,4.182000160217285,0.11999988555908203,105.73999786376953,9.807886048012126,-11.260460424713825,75.0,1515.073961984,67.13235,22.00909,31.048,166.032,1.705,81.0,49.480000000000004,36.198002,16.400000000000002,188.1,1.6529969047322641,5.3958898,23.714903,1.221,0.0
AVGO,462,2024-12-30,233.4702911376953,-6.074372109161741,-26.729460706690123,17.438793195792424,0,64.85820272571843,27.04512329385393,48.066898670310266,0.727988035987008,0.9056955763835878,2.864555093127409,0.9932149534978206,45.73741620486873,41.0468788601728,15.949999809265137,6.473692285635568,86.91984827497792,4.61899995803833,4.229000091552734,0.3899998664855957,108.48999786376953,6.117794955745159,-5.240695228020842,25.0,1515.073961984,67.13235,22.00909,31.048,166.032,1.705,81.0,49.480000000000004,36.198002,16.400000000000002,188.1,1.6529969047322641,5.3958898,23.714903,1.221,0.0
AVGO,483,2025-01-31,219.28843688964844,-15.270935720649092,-7.689158250057915,35.275344511594554,0,50.00085202204428,6.553005931502239,30.731932033297344,0.3732618272849452,0.7888493854981989,-3.712962470727212,0.7599246598829029,-4.559172596152505,25.601717749009765,15.84000015258789,7.292710885080145,93.85887765046925,4.51200008392334,4.230000019073486,0.2820000648498535,108.37000274658203,11.330121018015982,-2.967240175731778,100.0,1515.073961984,67.13235,22.00909,31.048,166.032,1.705,81.0,49.480000000000004,36.198002,16.400000000000002,188.1,1.6529969047322641,5.3958898,23.714903,1.221,0.0
AVGO,504,2025-03-04,185.80104064941406,-7.931117711536095,37.41584410236734,62.16071455408492,0,32.13737638168554,-16.574248765609404,4.843843712354219,0.018936542142942766,0.524053900755434,-4.501249596162511,0.527297500019497,-13.893346654064398,15.981195982024655,22.780000686645508,0.9127522342645467,68.90187741771673,4.179999828338623,3.9200000762939453,0.25999975204467773,105.73999786376953,12.549487969833418,-7.409100115098354,75.0,1515.073961984,67.13235,22.00909,31.048,166.032,1.705,81.0,49.480000000000004,36.198002,16.400000000000002,188.1,1.6529969047322641,5.3958898,23.714903,1.221,0.0
AVGO,525,2025-04-02,171.06494140625,18.33342372145994,60.28105474380674,97.31345674642706,0,36.353870466368264,-16.01608486711732,-5.9778375879775565,0.1829139170792345,0.4096360854865152,-1.12477945115233,0.5615883179929144,-9.901487179606693,-25.547467166181935,21.770000457763672,-1.5878535721158715,59.79508217125276,4.156000137329102,3.8399999141693115,0.31600022315979004,103.80999755859375,18.29526207512593,-1.4237280176272127,50.0,1515.073961984,67.13235,22.00909,31.048,166.032,1.705,81.0,49.480000000000004,36.198002,16.400000000000002,188.1,1.6529969047322641,5.3958898,23.714903,1.221,0.0
AVGO,546,2025-05-02,202.427001953125,26.12945204735986,46.543289983247725,82.25044051614864,0,63.835931642114936,10.475970278790045,10.628400275912544,0.9158919287100582,0.6439529909904345,3.8577769460910223,0.8099811888479636,32.22518553129956,-6.188298923880476,24.600000381469727,-1.0326929554518527,60.60892846181595,4.230999946594238,3.7909998893737793,0.440000057220459,100.0,17.757241790713785,-17.466128129985847,50.0,1515.073961984,67.13235,22.00909,31.048,166.032,1.705,81.0,49.480000000000004,36.198002,16.400000000000002,188.1,1.6529969047322641,5.3958898,23.714903,1.221,0.0
AVGO,567,2025-06-03,255.320068359375,7.3886178022186,18.007290653677455,49.16230872134106,0,81.35130698678846,29.514614047432218,33.589771835215984,0.9725674796931915,1.0,1.2400597684242847,0.3146587745403829,27.964324345489523,34.47500267018695,18.360000610351562,3.109486192170663,85.03678359440758,4.461999893188477,3.9019999504089355,0.559999942779541,98.69999694824219,18.096293889652635,-8.062809207579114,100.0,1515.073961984,67.13235,22.00909,31.048,166.032,1.705,81.0,49.480000000000004,36.198002,16.400000000000002,188.1,1.6529969047322641,5.3958898,23.714903,1.221,0.0
AVGO,588,2025-07-03,274.1846923828125,8.191010190457227,23.104665777133103,26.783151931708037,0,67.89583538574229,17.3728393138199,35.94656444816523,0.9131945414007206,0.9966647217216166,0.2547202402350166,0.3674602203592947,5.648727497645267,79.09726207650334,16.639999389648438,7.472119641027786,100.0,4.293000221252441,3.8499999046325684,0.44300031661987305,96.77999877929688,13.921714447956624,-2.2403733592666453,100.0,1515.073961984,67.13235,22.00909,31.048,166.032,1.705,81.0,49.480000000000004,36.198002,16.400000000000002,188.1,1.6529969047322641,5.3958898,23.714903,1.221,0.0
AVGO,609,2025-08-04,296.6431884765625,1.5685870669573054,24.36628148377371,7.984945893195383,0,63.26156314831383,11.74061815159496,38.96621457316329,0.8494846003051157,0.9708135143159856,-0.33735644447588164,0.28443753296507107,8.585614970072065,48.67513325143285,20.3799991607666,7.227584608812543,95.74768456823027,4.21999979019165,3.700000047683716,0.5199997425079346,98.69000244140625,11.629943323452952,-1.0650939916447055,100.0,1515.073961984,67.13235,22.00909,31.048,166.032,1.705,81.0,49.480000000000004,36.198002,16.400000000000002,188.1,1.6529969047322641,5.3958898,23.714903,1.221,0.0
ADBE,252,2024-02-29,560.280029296875,-10.385883828843612,-20.42015210202418,1.6688040081798583,0,41.53066567418688,-5.519263006883249,3.7624305202049757,0.3224688792916263,0.7608067978007116,-3.1945830312164,0.37993012103507995,-9.307520035156125,-9.25022821823298,13.84000015258789,12.683430743950218,100.0,4.27400016784668,4.4629998207092285,-0.18899965286254883,103.86000061035156,6.0917159296207,2.824029943586548,100.0,109.844824064,15.722589,9.94047,55.425999999999995,57.266,0.996,0.0,0.0,29.997,10.5,17.2,8.016649635552554,9.324166,4.6213484,1.515,0.0
ADBE,273,2024-04-01,502.0899963378906,-7.819317264230907,11.535783196277038,3.1249443473128746,0,36.59459947967514,-11.74042770514537,-9.26304406313749,0.24682434023584887,0.556747136714795,-1.3633626011749946,0.6062899421595515,-12.057519699614616,-15.841431967077435,13.010000228881836,13.432258221064664,99.12090551438266,4.205999851226807,4.635000228881836,-0.4290003776550293,104.81999969482422,13.657699603651796,8.066605867123112,100.0,109.844824064,15.722589,9.94047,55.425999999999995,57.266,0.996,0.0,0.0,29.997,10.5,17.2,8.016649635552554,9.324166,4.6213484,1.515,0.0
ADBE,294,2024-04-30,462.8299865722656,-3.664410679326202,19.190640282320736,4.874366123779539,0,33.61615723906982,-9.785321955024846,-16.175384401575442,0.0917261517517767,0.4255787491371655,2.0156504757361855,0.18483848386023624,-7.287515375398124,-25.081750036653894,14.670000076293945,7.2424716671750655,81.67340248055017,4.613999843597412,4.888999938964844,-0.27500009536743164,105.76000213623047,13.177589706350101,-1.355488072779909,100.0,109.844824064,15.722589,9.94047,55.425999999999995,57.266,0.996,0.0,0.0,29.997,10.5,17.2,8.016649635552554,9.324166,4.6213484,1.515,0.0
ADBE,315,2024-05-30,445.8699951171875,25.599393522418623,27.7569720144764,15.208468455198766,0,27.9533702110368,-7.887044942545293,-18.569325272084818,-0.41806217193006334,0.1294187510452309,-1.8695078409505888,0.29738391346698184,-5.010762648810497,-21.9046116271584,14.279999732971191,9.766607457964804,92.86317954607574,4.624000072479248,4.892000198364258,-0.26800012588500977,104.66999816894531,11.947738963846376,-3.644226145341223,100.0,109.844824064,15.722589,9.94047,55.425999999999995,57.266,0.996,0.0,0.0,29.997,10.5,17.2,8.016649635552554,9.324166,4.6213484,1.515,0.0
ADBE,336,2024-07-01,560.010009765625,-1.4928278433918196,-7.540933149824247,-20.394282241571958,0,75.54457907399653,15.327303702612188,3.1144538586568786,0.8757010614313451,0.6181159084747153,7.050213625438724,0.5083273100367213,25.912851306198426,12.179247080638223,12.4399995803833,12.398862913020391,99.12825487341995,4.3429999351501465,4.702000141143799,-0.35900020599365234,105.72000122070312,9.671460527714903,4.2522315315151715,100.0,109.844824064,15.722589,9.94047,55.425999999999995,57.266,0.996,0.0,0.0,29.997,10.5,17.2,8.016649635552554,9.324166,4.6213484,1.515,0.0
ADBE,357,2024-07-31,551.6500244140625,3.259309285420131,-12.011240248924738,-20.701533064977074,0,55.81322741124918,6.479534260349286,0.9603400401879032,0.4330859523255846,0.5754062708674091,-4.181733419531911,0.20604378765190062,-2.828908586603618,17.524874240717693,17.690000534057617,10.507989888980163,90.65056275070478,4.14300012588501,4.081999778747559,0.06100034713745117,104.41999816894531,12.059049763091622,-2.8747504327868323,75.0,109.844824064,15.722589,9.94047,55.425999999999995,57.266,0.996,0.0,0.0,29.997,10.5,17.2,8.016649635552554,9.324166,4.6213484,1.515,0.0
ADBE,378,2024-08-29,569.6300048828125,-9.102395439405331,-9.822167323952957,-21.69829627021549,0,61.63163496670718,3.840852868754806,4.365849229748154,0.8093093639545905,0.6672627057430072,1.9735897190281326,0.2768370186200225,4.249562211438507,28.075814456203062,17.110000610351562,9.180699198870702,95.1452591198884,3.8410000801086426,3.9240000247955322,-0.08299994468688965,101.69999694824219,12.056702265247022,-5.477300590836165,75.0,109.844824064,15.722589,9.94047,55.425999999999995,57.266,0.996,0.0,0.0,29.997,10.5,17.2,8.016649635552554,9.324166,4.6213484,1.515,0.0
ADBE,399,2024-09-30,517.780029296875,-6.255555026411863,-13.901664303594774,-25.493457269263352,0,39.56078575084031,-4.818657267799263,-3.893390324141504,0.2812760262833288,0.4023706546093091,-3.0477982218398703,0.37964967840342984,-9.858802335489258,-8.794981723642382,16.959999084472656,10.094059821509704,100.0,3.749000072479248,3.5460000038146973,0.20300006866455078,101.19000244140625,16.701310434520323,-9.68753840699903,100.0,109.844824064,15.722589,9.94047,55.425999999999995,57.266,0.996,0.0,0.0,29.997,10.5,17.2,8.016649635552554,9.324166,4.6213484,1.515,0.0
ADBE,420,2024-10-29,485.3900146484375,5.828298311376234,-9.876594283903561,-21.53320348111254,0,38.214606900553406,-7.826896082121686,-8.204080934099352,0.2174681775801773,0.23689598814095833,-0.050042479158472375,0.23658355889771213,-3.4626041303127297,-11.167431323577492,19.799999237060547,9.142046605485387,98.12998803346488,4.2779998779296875,4.14900016784668,0.1289997100830078,103.98999786376953,18.48643343451737,-11.165318413989379,100.0,109.844824064,15.722589,9.94047,55.425999999999995,57.266,0.996,0.0,0.0,29.997,10.5,17.2,8.016649635552554,9.324166,4.6213484,1.515,0.0
ADBE,441,2024-11-27,513.6799926757812,-13.21445371645149,-13.169676619891824,-19.699035174467895,0,53.64662726695437,2.043734191185542,-0.6880392301062169,0.6362054577462859,0.38142431667931864,1.8187061325596363,0.3293617736441392,5.547793294635595,-10.572584618663871,14.100000381469727,10.068321268800373,98.44530304286543,4.302000045776367,4.182000160217285,0.11999988555908203,105.73999786376953,9.807886048012126,-11.260460424713825,75.0,109.844824064,15.722589,9.94047,55.425999999999995,57.266,0.996,0.0,0.0,29.997,10.5,17.2,8.016649635552554,9.324166,4.6213484,1.515,0.0
ADBE,462,2024-12-30,445.79998779296875,-1.8730318112559652,-13.46343442287069,-14.914758199870837,0,32.49649622249845,-9.867034907377322,-12.530301642243668,0.27573684596347176,0.04261019077159053,-4.192948297680665,0.5782990104778905,-13.592930412728176,-11.336515788355616,15.949999809265137,6.473692285635568,86.91984827497792,4.61899995803833,4.229000091552734,0.3899998664855957,108.48999786376953,6.117794955745159,-5.240695228020842,25.0,109.844824064,15.722589,9.94047,55.425999999999995,57.266,0.996,0.0,0.0,29.997,10.5,17.2,8.016649635552554,9.324166,4.6213484,1.515,0.0
ADBE,483,2025-01-31,437.45001220703125,1.9613638890939145,-12.934053151441272,-22.53971959128701,0,45.7500103467302,-6.359061272969835,-12.97298972542741,0.6582385266505474,0.1377818531894297,4.41765936635692,0.22693903866073678,-1.6258839137881842,-10.11547242739158,15.84000015258789,7.292710885080145,93.85887765046925,4.51200008392334,4.230000019073486,0.2820000648498535,108.37000274658203,11.330121018015982,-2.967240175731778,100.0,109.844824064,15.722589,9.94047,55.425999999999995,57.266,0.996,0.0,0.0,29.997,10.5,17.2,8.016649635552554,9.324166,4.6213484,1.515,0.0
ADBE,504,2025-03-04,446.0299987792969,-13.5080600329335,-7.519675500911327,-21.86624196718131,0,50.24848347187791,1.3898102794992733,-10.703060053009917,0.4628454945691269,0.22205608727187207,-1.052392292824009,0.21062718433020577,1.6940247543060227,-13.548348591629688,22.780000686645508,0.9127522342645467,68.90187741771673,4.179999828338623,3.9200000762939453,0.25999975204467773,105.73999786376953,12.549487969833418,-7.409100115098354,75.0,109.844824064,15.722589,9.94047,55.425999999999995,57.266,0.996,0.0,0.0,29.997,10.5,17.2,8.016649635552554,9.324166,4.6213484,1.515,0.0
ADBE,525,2025-04-02,385.7799987792969,-1.2727470780356298,-1.6771219972978924,-8.891074680258793,0,36.431672607222836,-9.934266367053613,-21.743510382308735,0.31385287382166543,0.0380432311172569,-0.3664530916585669,0.5983076233465576,-14.506691089386392,-13.245478741254878,21.770000457763672,-1.5878535721158715,59.79508217125276,4.156000137329102,3.8399999141693115,0.31600022315979004,103.80999755859375,18.29526207512593,-1.4237280176272127,50.0,109.844824064,15.722589,9.94047,55.425999999999995,57.266,0.996,0.0,0.0,29.997,10.5,17.2,8.016649635552554,9.324166,4.6213484,1.515,0.0
ADBE,546,2025-05-02,380.8699951171875,8.302044141717847,-11.032633064398523,-10.649302407272621,0,56.65543611908541,-2.588352768847696,-19.443902139412796,0.9810044906885603,0.16576758118319831,5.738922665211806,0.4041261484866985,3.708644007403006,-13.162337023019344,24.600000381469727,-1.0326929554518527,60.60892846181595,4.230999946594238,3.7909998893737793,0.440000057220459,100.0,17.757241790713785,-17.466128129985847,50.0,109.844824064,15.722589,9.94047,55.425999999999995,57.266,0.996,0.0,0.0,29.997,10.5,17.2,8.016649635552554,9.324166,4.6213484,1.515,0.0
ADBE,567,2025-06-03,412.489990234375,-8.043829780433832,-15.513101347748137,-21.741131857484707,0,60.08346387093213,7.939457763906635,-10.082494793621636,0.6540010096082194,0.2940174156295063,-0.7011781553678738,0.22762856601653958,8.24804305808784,-8.587448107131014,18.360000610351562,3.109486192170663,85.03678359440758,4.461999893188477,3.9019999504089355,0.559999942779541,98.69999694824219,18.096293889652635,-8.062809207579114,100.0,109.844824064,15.722589,9.94047,55.425999999999995,57.266,0.996,0.0,0.0,29.997,10.5,17.2,8.016649635552554,9.324166,4.6213484,1.515,0.0
ADBE,588,2025-07-03,379.30999755859375,-10.666734785662502,-7.337003177187973,-12.129922770758927,0,39.9912731674409,-3.821480941394794,-13.959260540594737,0.2608990560037994,0.15944027379795642,-1.3860337907431082,0.31836051359138523,-8.359306563598047,3.2838659111215085,16.639999389648438,7.472119641027786,100.0,4.293000221252441,3.8499999046325684,0.44300031661987305,96.77999877929688,13.921714447956624,-2.2403733592666453,100.0,109.844824064,15.722589,9.94047,55.425999999999995,57.266,0.996,0.0,0.0,29.997,10.5,17.2,8.016649635552554,9.324166,4.6213484,1.515,0.0
ADBE,609,2025-08-04,338.8500061035156,2.8478659355657188,0.4308665866253891,-19.749155148986752,0,23.4577721718982,-12.131344066102187,-20.409682514855724,-0.21709835342418163,0.0,-1.8885391514192005,0.21306913660926438,-10.102668217495857,-11.076993577261462,20.3799991607666,7.227584608812543,95.74768456823027,4.21999979019165,3.700000047683716,0.5199997425079346,98.69000244140625,11.629943323452952,-1.0650939916447055,100.0,109.844824064,15.722589,9.94047,55.425999999999995,57.266,0.996,0.0,0.0,29.997,10.5,17.2,8.016649635552554,9.324166,4.6213484,1.515,0.0
CRM,252,2024-02-29,305.11279296875,-1.996372051191364,-29.31326025691703,-16.538328511004675,0,71.13161758541503,11.177351278282233,33.27098602636803,1.1554569862608555,1.0,0.9069384193516488,0.2489128291743674,9.865182975380948,34.06554490088063,13.84000015258789,12.683430743950218,100.0,4.27400016784668,4.4629998207092285,-0.18899965286254883,103.86000061035156,6.0917159296207,2.824029943586548,100.0,185.440075776,25.971998,13.083937,12.3959996,29.042,0.76,90.0,22.0,17.958,12.1,17.9,9.091953351208709,3.0795376,4.4657454,1.276,0.0
CRM,273,2024-04-01,299.0216064453125,-11.023601957066198,-15.235218414547768,-9.162164203324242,0,52.23809473389569,2.5748829653136327,25.29428277506524,0.4010967098940818,0.8888566707729681,-1.1255516580103802,0.25676889818427967,-4.4891560742954635,15.016639740779002,13.010000228881836,13.432258221064664,99.12090551438266,4.205999851226807,4.635000228881836,-0.4290003776550293,104.81999969482422,13.657699603651796,8.066605867123112,100.0,185.440075776,25.971998,13.083937,12.3959996,29.042,0.76,90.0,22.0,17.958,12.1,17.9,9.091953351208709,3.0795376,4.4657454,1.276,0.0
CRM,294,2024-04-30,266.05865478515625,-18.937316261021476,-3.6205826654783446,11.484054639656538,0,32.86265556121508,-8.808373622210402,8.128884285519534,0.21182759126719955,0.6177615311302029,-0.9060015951921558,0.34342174688097066,-11.532879690658692,-4.197452667450974,14.670000076293945,7.2424716671750655,81.67340248055017,4.613999843597412,4.888999938964844,-0.27500009536743164,105.76000213623047,13.177589706350101,-1.355488072779909,100.0,185.440075776,25.971998,13.083937,12.3959996,29.042,0.76,90.0,22.0,17.958,12.1,17.9,9.091953351208709,3.0795376,4.4657454,1.276,0.0
CRM,315,2024-05-30,215.67428588867188,17.52212858955049,18.072600027026198,51.84743919634538,0,16.68741451912507,-23.256775802469726,-14.319288839798297,-0.4862040840418643,0.18274696515949196,-4.085413042248222,0.8096210598653009,-18.861894447668025,-31.111222017770558,14.279999732971191,9.766607457964804,92.86317954607574,4.624000072479248,4.892000198364258,-0.26800012588500977,104.66999816894531,11.947738963846376,-3.644226145341223,100.0,185.440075776,25.971998,13.083937,12.3959996,29.042,0.76,90.0,22.0,17.958,12.1,17.9,9.091953351208709,3.0795376,4.4657454,1.276,0.0
CRM,336,2024-07-01,253.4650115966797,1.1681176958781014,7.164596071189333,31.600943779523583,0,55.76450075518063,-1.5425215939417787,-0.389183798786171,0.9945020076459686,0.4998313212875608,3.821972487865393,0.2906705481195117,9.2859500524058,-15.720389952211855,12.4399995803833,12.398862913020391,99.12825487341995,4.3429999351501465,4.702000141143799,-0.35900020599365234,105.72000122070312,9.671460527714903,4.2522315315151715,100.0,185.440075776,25.971998,13.083937,12.3959996,29.042,0.76,90.0,22.0,17.958,12.1,17.9,9.091953351208709,3.0795376,4.4657454,1.276,0.0
CRM,357,2024-07-31,256.42578125,-0.6916404048290081,15.672057087363855,32.39064047147535,0,55.07993809249627,3.0555100944625777,-1.1824017463394034,0.7115921736713311,0.5246737587263227,0.7602979778283352,0.2586592294776685,1.1760114684191914,-3.530909956778938,17.690000534057617,10.507989888980163,90.65056275070478,4.14300012588501,4.081999778747559,0.06100034713745117,104.41999816894531,12.059049763091622,-2.8747504327868323,75.0,185.440075776,25.971998,13.083937,12.3959996,29.042,0.76,90.0,22.0,17.958,12.1,17.9,9.091953351208709,3.0795376,4.4657454,1.276,0.0
CRM,378,2024-08-29,254.65223693847656,6.664979316478159,28.60514561514551,12.104370758293136,0,49.944781772118176,1.2653925831262314,-3.8156194402607846,0.5469487912722745,0.509792775481144,0.051105528327256344,0.2748948029042723,1.5609045425210466,9.797843384693493,17.110000610351562,9.180699198870702,95.1452591198884,3.8410000801086426,3.9240000247955322,-0.08299994468688965,101.69999694824219,12.056702265247022,-5.477300590836165,75.0,185.440075776,25.971998,13.083937,12.3959996,29.042,0.76,90.0,22.0,17.958,12.1,17.9,9.091953351208709,3.0795376,4.4657454,1.276,0.0
CRM,399,2024-09-30,271.624755859375,9.199537109857769,22.80263128328428,-0.6795946340696135,0,65.50769753981696,6.769095903392886,1.6609032822593395,0.8354918777555581,0.6522012667995356,2.251606732468159,0.24712603415973866,8.398450225873756,7.172957726670437,16.959999084472656,10.094059821509704,100.0,3.749000072479248,3.5460000038146973,0.20300006866455078,101.19000244140625,16.701310434520323,-9.68753840699903,100.0,185.440075776,25.971998,13.083937,12.3959996,29.042,0.76,90.0,22.0,17.958,12.1,17.9,9.091953351208709,3.0795376,4.4657454,1.276,0.0
CRM,420,2024-10-29,296.61297607421875,10.41185199025374,14.45343309792133,-7.716370554850327,0,68.09309083618766,10.263610184608696,9.840458083255601,1.0605253971761703,0.8583187440217965,-0.4282813600910247,0.21411612050886888,10.34446350738536,18.295768815197057,19.799999237060547,9.142046605485387,98.12998803346488,4.2779998779296875,4.14900016784668,0.1289997100830078,103.98999786376953,18.48643343451737,-11.165318413989379,100.0,185.440075776,25.971998,13.083937,12.3959996,29.042,0.76,90.0,22.0,17.958,12.1,17.9,9.091953351208709,3.0795376,4.4657454,1.276,0.0
CRM,441,2024-11-27,327.4958801269531,1.8523797254501595,-12.83057126363466,-19.64249721727438,0,58.359537050041915,10.161822393826005,19.396106789627535,0.5969269512793405,0.8953518149092619,-0.3368622422473262,0.3704139805893166,11.339415644146644,30.69517816520102,14.100000381469727,10.068321268800373,98.44530304286543,4.302000045776367,4.182000160217285,0.11999988555908203,105.73999786376953,9.807886048012126,-11.260460424713825,75.0,185.440075776,25.971998,13.083937,12.3959996,29.042,0.76,90.0,22.0,17.958,12.1,17.9,9.091953351208709,3.0795376,4.4657454,1.276,0.0
CRM,462,2024-12-30,333.5623474121094,1.775196380733668,-19.121924076027717,-18.684135865760933,0,47.119188814493256,2.661931325010091,19.421737178849334,0.23046271258454176,0.789112855863208,-3.077873371374996,0.4490959210983759,1.85855879010699,24.090182292778305,15.949999809265137,6.473692285635568,86.91984827497792,4.61899995803833,4.229000091552734,0.3899998664855957,108.48999786376953,6.117794955745159,-5.240695228020842,25.0,185.440075776,25.971998,13.083937,12.3959996,29.042,0.76,90.0,22.0,17.958,12.1,17.9,9.091953351208709,3.0795376,4.4657454,1.276,0.0
CRM,483,2025-01-31,339.4837341308594,-15.908699256926539,-19.37015173131954,-25.92414485783835,0,53.855760244533926,1.0121919781402127,20.05250163568683,0.700698955416875,0.8287491203323994,2.374464800886698,0.2871742705617157,2.2044201778199435,15.414949843553561,15.84000015258789,7.292710885080145,93.85887765046925,4.51200008392334,4.230000019073486,0.2820000648498535,108.37000274658203,11.330121018015982,-2.967240175731778,100.0,185.440075776,25.971998,13.083937,12.3959996,29.042,0.76,90.0,22.0,17.958,12.1,17.9,9.091953351208709,3.0795376,4.4657454,1.276,0.0
CRM,504,2025-03-04,285.4762878417969,-5.498698111398303,-7.814581387520237,-10.468339952794848,0,26.26105128326661,-12.393996354146703,-0.7133116601266998,0.04146159827992392,0.46723693980877634,-3.4064777519917486,0.2818706880055476,-15.298906675735747,-12.825282967595697,22.780000686645508,0.9127522342645467,68.90187741771673,4.179999828338623,3.9200000762939453,0.25999975204467773,105.73999786376953,12.549487969833418,-7.409100115098354,75.0,185.440075776,25.971998,13.083937,12.3959996,29.042,0.76,90.0,22.0,17.958,12.1,17.9,9.091953351208709,3.0795376,4.4657454,1.276,0.0
CRM,525,2025-04-02,269.77880859375,1.462832145113091,0.5412940469532446,-11.596080456899195,0,36.640362500901205,-11.287404755340289,-6.950845384028368,0.21221556868339808,0.3621619854902085,0.5309063864954986,0.3206289610944725,-6.997282229899171,-18.78083119599775,21.770000457763672,-1.5878535721158715,59.79508217125276,4.156000137329102,3.8399999141693115,0.31600022315979004,103.80999755859375,18.29526207512593,-1.4237280176272127,50.0,185.440075776,25.971998,13.083937,12.3959996,29.042,0.76,90.0,22.0,17.958,12.1,17.9,9.091953351208709,3.0795376,4.4657454,1.276,0.0
CRM,546,2025-05-02,273.7252197265625,-3.8570464025130646,-8.128494927435725,-5.017755870273999,0,58.00942188417248,0.9589570568656194,-5.868449030031741,0.9199212579165595,0.3885782630944076,4.028595650260176,0.5112277517893348,7.946636781473493,-18.78546005855063,24.600000381469727,-1.0326929554518527,60.60892846181595,4.230999946594238,3.7909998893737793,0.440000057220459,100.0,17.757241790713785,-17.466128129985847,50.0,185.440075776,25.971998,13.083937,12.3959996,29.042,0.76,90.0,22.0,17.958,12.1,17.9,9.091953351208709,3.0795376,4.4657454,1.276,0.0
CRM,567,2025-06-03,263.1675109863281,3.0670937335804282,-2.878718353962495,-10.957180477053729,0,40.66143136372396,-1.6065197158394644,-10.419730826232803,0.11660839589092659,0.26421388247587474,-3.0111159917459163,0.2934846727565042,-2.993056335185773,-9.276440658547692,18.360000610351562,3.109486192170663,85.03678359440758,4.461999893188477,3.9019999504089355,0.559999942779541,98.69999694824219,18.096293889652635,-8.062809207579114,100.0,185.440075776,25.971998,13.083937,12.3959996,29.042,0.76,90.0,22.0,17.958,12.1,17.9,9.091953351208709,3.0795376,4.4657454,1.276,0.0
CRM,588,2025-07-03,271.2391052246094,-7.286422096941669,-12.072029327754851,-6.495785367243312,0,53.485632673018706,0.1687905243500048,-8.097443921729392,0.7396890294020608,0.2780826367806357,1.0531609207503796,0.2442224611017729,3.5762265000552462,6.966209404677248,16.639999389648438,7.472119641027786,100.0,4.293000221252441,3.8499999046325684,0.44300031661987305,96.77999877929688,13.921714447956624,-2.2403733592666453,100.0,185.440075776,25.971998,13.083937,12.3959996,29.042,0.76,90.0,22.0,17.958,12.1,17.9,9.091953351208709,3.0795376,4.4657454,1.276,0.0
CRM,609,2025-08-04,251.47547912597656,1.6368118411496768,3.3859672318470535,-21.908885285616254,0,35.36726193649996,-5.1703856140720745,-14.458859219818093,0.06966642803969247,0.12602084979644346,-1.1880697404890774,0.21630558959852894,-6.478873063604384,-7.302890295135567,20.3799991607666,7.227584608812543,95.74768456823027,4.21999979019165,3.700000047683716,0.5199997425079346,98.69000244140625,11.629943323452952,-1.0650939916447055,100.0,185.440075776,25.971998,13.083937,12.3959996,29.042,0.76,90.0,22.0,17.958,12.1,17.9,9.091953351208709,3.0795376,4.4657454,1.276,0.0
ORCL,252,2024-02-29,109.37837219238281,12.356727003813074,5.182520181785688,25.595304609051528,0,49.5296511533637,1.8191372625660087,0.501414813838789,0.35059597379512036,0.6802210207481608,-0.39798615360185313,0.226544148029512,-0.01789524073073645,-3.5257310732115243,13.84000015258789,12.683430743950218,100.0,4.27400016784668,4.4629998207092285,-0.18899965286254883,103.86000061035156,6.0917159296207,2.824029943586548,100.0,417.892827136,27.330826,18.32968,69.026,432.511,0.909,138.0,35.709998,25.280002000000003,14.2,90.9,-2.44273156588014,13.947242,6.848906,1.633,0.0
ORCL,273,2024-04-01,122.89395904541016,-9.055555586596121,14.40213057434907,36.621410151517054,0,60.90464152925116,7.2456633940433335,10.962039704974547,0.6037201660521725,0.9062233951818249,-0.27617381174097,0.44352314725697556,10.283007299935743,19.478513614489845,13.010000228881836,13.432258221064664,99.12090551438266,4.205999851226807,4.635000228881836,-0.4290003776550293,104.81999969482422,13.657699603651796,8.066605867123112,100.0,417.892827136,27.330826,18.32968,69.026,432.511,0.909,138.0,35.709998,25.280002000000003,14.2,90.9,-2.44273156588014,13.947242,6.848906,1.633,0.0
ORCL,294,2024-04-30,111.76522827148438,2.936244290850376,22.93955230054805,53.240211199285255,0,35.73521155729496,-4.429007497913895,0.6839150748111379,0.15659715656799617,0.573990572827976,-0.5884316185392315,0.19580957501550653,-8.221731725985338,2.163915383825721,14.670000076293945,7.2424716671750655,81.67340248055017,4.613999843597412,4.888999938964844,-0.27500009536743164,105.76000213623047,13.177589706350101,-1.355488072779909,100.0,417.892827136,27.330826,18.32968,69.026,432.511,0.909,138.0,35.709998,25.280002000000003,14.2,90.9,-2.44273156588014,13.947242,6.848906,1.633,0.0
ORCL,315,2024-05-30,115.04692840576172,22.205181349349324,19.407012108082867,56.82624894798749,0,40.328063901714934,-3.124742107272684,3.150098016093825,0.26608074361415784,0.5984552034782766,-0.05117205624020049,0.2733777401750285,2.146021214930527,3.2412117223728165,14.279999732971191,9.766607457964804,92.86317954607574,4.624000072479248,4.892000198364258,-0.26800012588500977,104.66999816894531,11.947738963846376,-3.644226145341223,100.0,417.892827136,27.330826,18.32968,69.026,432.511,0.909,138.0,35.709998,25.280002000000003,14.2,90.9,-2.44273156588014,13.947242,6.848906,1.633,0.0
ORCL,336,2024-07-01,140.5933074951172,-2.2686970577027843,19.422085467829508,17.239215044449587,0,68.75394171966323,14.424602268016153,24.182131093593615,0.7374665124660839,0.965585567226793,0.13671689245960117,0.47655317812737796,22.100873471150507,15.451026158822412,12.4399995803833,12.398862913020391,99.12825487341995,4.3429999351501465,4.702000141143799,-0.35900020599365234,105.72000122070312,9.671460527714903,4.2522315315151715,100.0,417.892827136,27.330826,18.32968,69.026,432.511,0.909,138.0,35.709998,25.280002000000003,14.2,90.9,-2.44273156588014,13.947242,6.848906,1.633,0.0
ORCL,357,2024-07-31,137.40367126464844,-0.021521647078970307,24.646794568327167,22.525146623161408,0,51.724848378117,3.4180002185092984,17.776658589018947,0.373273077076642,0.8829465802133303,-0.8812316316071498,0.2552713450848169,-2.39826883463371,21.99576741855207,17.690000534057617,10.507989888980163,90.65056275070478,4.14300012588501,4.081999778747559,0.06100034713745117,104.41999816894531,12.059049763091622,-2.8747504327868323,75.0,417.892827136,27.330826,18.32968,69.026,432.511,0.909,138.0,35.709998,25.280002000000003,14.2,90.9,-2.44273156588014,13.947242,6.848906,1.633,0.0
ORCL,378,2024-08-29,137.3740997314453,22.220607936355073,31.337553950377806,13.478683484711507,0,56.302558772449714,0.7067685348862336,14.716881093255092,0.7406945955394012,0.8822862374586412,0.45526207218218995,0.26138187101996674,1.3890022885011621,19.30509259912645,17.110000610351562,9.180699198870702,95.1452591198884,3.8410000801086426,3.9240000247955322,-0.08299994468688965,101.69999694824219,12.056702265247022,-5.477300590836165,75.0,417.892827136,27.330826,18.32968,69.026,432.511,0.909,138.0,35.709998,25.280002000000003,14.2,90.9,-2.44273156588014,13.947242,6.848906,1.633,0.0
ORCL,399,2024-09-30,167.8994598388672,2.00704160391747,-1.8278615842527324,-13.998052794125915,0,73.88617189944227,17.070099933658827,34.974717843039386,0.7433501698678042,1.0,0.20694576376985996,0.44921527194696026,20.60299420092917,19.263756136765544,16.959999084472656,10.094059821509704,100.0,3.749000072479248,3.5460000038146973,0.20300006866455078,101.19000244140625,16.701310434520323,-9.68753840699903,100.0,417.892827136,27.330826,18.32968,69.026,432.511,0.909,138.0,35.709998,25.280002000000003,14.2,90.9,-2.44273156588014,13.947242,6.848906,1.633,0.0
ORCL,420,2024-10-29,171.26927185058594,5.3450980430588935,-1.7021279628677166,-12.562258877010002,0,58.115084509637924,7.5618395699017835,30.107510565000467,0.5017070592267032,0.9433953661535281,-1.108883235825524,0.18323850173150794,3.9841897159966777,26.405345909860234,19.799999237060547,9.142046605485387,98.12998803346488,4.2779998779296875,4.14900016784668,0.1289997100830078,103.98999786376953,18.48643343451737,-11.165318413989379,100.0,417.892827136,27.330826,18.32968,69.026,432.511,0.909,138.0,35.709998,25.280002000000003,14.2,90.9,-2.44273156588014,13.947242,6.848906,1.633,0.0
ORCL,441,2024-11-27,180.4237823486328,-8.642592474974952,-13.597687735538134,-6.861076128868349,0,50.01805456343692,3.4098686827190194,29.75809535858911,0.4495182785993632,0.8957484964760154,-0.6352748500286491,0.34762522639845733,4.663164691808364,29.599275644987564,14.100000381469727,10.068321268800373,98.44530304286543,4.302000045776367,4.182000160217285,0.11999988555908203,105.73999786376953,9.807886048012126,-11.260460424713825,75.0,417.892827136,27.330826,18.32968,69.026,432.511,0.909,138.0,35.709998,25.280002000000003,14.2,90.9,-2.44273156588014,13.947242,6.848906,1.633,0.0
ORCL,462,2024-12-30,164.8304901123047,2.1376867640882313,-12.39678732303241,43.04592221808423,0,37.078558360130586,-6.808234900858152,13.201007959849345,0.22577933019094687,0.7201994400742954,-0.8000985182270512,0.34307225644089584,-9.700284683658078,0.07495664354322251,15.949999809265137,6.473692285635568,86.91984827497792,4.61899995803833,4.229000091552734,0.3899998664855957,108.48999786376953,6.117794955745159,-5.240695228020842,25.0,417.892827136,27.330826,18.32968,69.026,432.511,0.909,138.0,35.709998,25.280002000000003,14.2,90.9,-2.44273156588014,13.947242,6.848906,1.633,0.0
ORCL,483,2025-01-31,168.3540496826172,-7.403284852306902,-11.048185163194423,49.34473982328509,0,51.018735383311245,-2.091579247238507,12.269663255884614,0.6105621781740409,0.7422345201362669,0.6811401381088453,0.7212286047343398,2.303173792661317,-2.3384423101350027,15.84000015258789,7.292710885080145,93.85887765046925,4.51200008392334,4.230000019073486,0.2820000648498535,108.37000274658203,11.330121018015982,-2.967240175731778,100.0,417.892827136,27.330826,18.32968,69.026,432.511,0.909,138.0,35.709998,25.280002000000003,14.2,90.9,-2.44273156588014,13.947242,6.848906,1.633,0.0
ORCL,504,2025-03-04,155.89031982421875,-7.372821498864379,7.796795514048549,42.71239419491821,0,37.80597853125098,-6.590330879723099,0.09564930976166724,-0.07602634012537242,0.580453717756876,-1.8146686651220265,0.3774478033276867,-6.601436683253903,-14.5980122299618,22.780000686645508,0.9127522342645467,68.90187741771673,4.179999828338623,3.9200000762939453,0.25999975204467773,105.73999786376953,12.549487969833418,-7.409100115098354,75.0,417.892827136,27.330826,18.32968,69.026,432.511,0.909,138.0,35.709998,25.280002000000003,14.2,90.9,-2.44273156588014,13.947242,6.848906,1.633,0.0
ORCL,525,2025-04-02,144.3968048095703,3.7100389731199446,63.28844325100134,99.11776040825137,0,42.29482860891242,-10.150644556129159,-8.87471825545591,0.3352814303597447,0.41692467647315135,-0.22747830767629829,0.4738369961212238,-9.717737853900976,-12.254849554333447,21.770000457763672,-1.5878535721158715,59.79508217125276,4.156000137329102,3.8399999141693115,0.31600022315979004,103.80999755859375,18.29526207512593,-1.4237280176272127,50.0,417.892827136,27.330826,18.32968,69.026,432.511,0.909,138.0,35.709998,25.280002000000003,14.2,90.9,-2.44273156588014,13.947242,6.848906,1.633,0.0
ORCL,546,2025-05-02,149.7539825439453,12.213890029800467,67.89397731488525,74.89860944418014,0,61.809908871806435,3.5838069528943515,-5.10754338323453,1.061852576126085,0.4796231248997075,2.878390362003814,0.6330287758709323,10.232076112123089,-10.277900280549634,24.600000381469727,-1.0326929554518527,60.60892846181595,4.230999946594238,3.7909998893737793,0.440000057220459,100.0,17.757241790713785,-17.466128129985847,50.0,417.892827136,27.330826,18.32968,69.026,432.511,0.909,138.0,35.709998,25.280002000000003,14.2,90.9,-2.44273156588014,13.947242,6.848906,1.633,0.0
ORCL,567,2025-06-03,168.04476928710938,40.30980891460643,32.39020094648297,19.354993951683564,0,70.52315657461136,15.551768265169747,4.804212043724703,0.9260303800329274,0.7063885742264406,0.5345890282731576,0.2740523244095081,13.296281112677665,5.067850587605283,18.360000610351562,3.109486192170663,85.03678359440758,4.461999893188477,3.9019999504089355,0.559999942779541,98.69999694824219,18.096293889652635,-8.062809207579114,100.0,417.892827136,27.330826,18.32968,69.026,432.511,0.909,138.0,35.709998,25.280002000000003,14.2,90.9,-2.44273156588014,13.947242,6.848906,1.633,0.0
ORCL,588,2025-07-03,235.78329467773438,6.635170156612347,21.942347201004587,-17.214647870406818,0,80.34245462523502,36.22546758422748,41.4647808857106,0.9308096350429647,1.0,1.471964484995521,0.5739308767226556,41.177875439482236,73.55720124008147,16.639999389648438,7.472119641027786,100.0,4.293000221252441,3.8499999046325684,0.44300031661987305,96.77999877929688,13.921714447956624,-2.2403733592666453,100.0,417.892827136,27.330826,18.32968,69.026,432.511,0.909,138.0,35.709998,25.280002000000003,14.2,90.9,-2.44273156588014,13.947242,6.848906,1.633,0.0
ORCL,609,2025-08-04,251.42791748046875,-11.515471325279558,4.172056819023173,-38.48336345507046,0,66.3902599849111,18.849582537665903,44.189137497232004,0.8522749109254464,0.9905496457504184,-1.2118681359519918,0.2894466858807728,8.958324461535906,69.51344656121614,20.3799991607666,7.227584608812543,95.74768456823027,4.21999979019165,3.700000047683716,0.5199997425079346,98.69000244140625,11.629943323452952,-1.0650939916447055,100.0,417.892827136,27.330826,18.32968,69.026,432.511,0.909,138.0,35.709998,25.280002000000003,14.2,90.9,-2.44273156588014,13.947242,6.848906,1.633,0.0
INTC,252,2024-02-29,42.60557556152344,3.4146384265591356,-29.58739688682648,-52.75266465606499,0,45.322290825706354,-5.5454867729307225,13.150342780213048,0.45442360353383465,0.7049801512035037,0.00543393539122039,0.240267752779984,0.22326083577801636,-3.924823091220442,13.84000015258789,12.683430743950218,100.0,4.27400016784668,4.4629998207092285,-0.18899965286254883,103.86000061035156,6.0917159296207,2.824029943586548,100.0,227.83008768,,46.01586,0.022000000000000002,37.282,2.017,0.0,0.0,-0.505,-4.1000000000000005,0.0,-1.9771314095822237,1.9930955,4.310637,1.377,0.0
INTC,273,2024-04-01,44.060401916503906,-31.558851514739604,-30.446396027071465,-46.75491356404278,0,55.89618507133674,1.4717554275366838,12.837767864797408,0.6922775028058977,0.7405477426487687,0.18369872771446893,0.43555603444171137,1.5974490355553206,-11.143290528621941,13.010000228881836,13.432258221064664,99.12090551438266,4.205999851226807,4.635000228881836,-0.4290003776550293,104.81999969482422,13.657699603651796,8.066605867123112,100.0,227.83008768,,46.01586,0.022000000000000002,37.282,2.017,0.0,0.0,-0.505,-4.1000000000000005,0.0,-1.9771314095822237,1.9930955,4.310637,1.377,0.0
INTC,294,2024-04-30,30.155445098876953,-0.5164913804041382,1.2958900168992926,-24.06015051861028,0,21.375270022144306,-24.50296466390816,-23.357173425050583,0.0032017029999256968,0.14213766350240453,-0.3517583580359762,0.49014486542862307,-30.65544028542515,-29.06381383348546,14.670000076293945,7.2424716671750655,81.67340248055017,4.613999843597412,4.888999938964844,-0.27500009536743164,105.76000213623047,13.177589706350101,-1.355488072779909,100.0,227.83008768,,46.01586,0.022000000000000002,37.282,2.017,0.0,0.0,-0.505,-4.1000000000000005,0.0,-1.9771314095822237,1.9930955,4.310637,1.377,0.0
INTC,315,2024-05-30,29.99969482421875,2.153030680650647,-32.89932021403212,-21.165865995951293,0,36.75549337566423,-13.504559602613528,-23.037367522135593,0.2691767511237171,0.03534920534466174,0.21554000076958313,0.2828322725268415,-0.1889232504292515,-30.824678545564645,14.279999732971191,9.766607457964804,92.86317954607574,4.624000072479248,4.892000198364258,-0.26800012588500977,104.66999816894531,11.947738963846376,-3.644226145341223,100.0,227.83008768,,46.01586,0.022000000000000002,37.282,2.017,0.0,0.0,-0.505,-4.1000000000000005,0.0,-1.9771314095822237,1.9930955,4.310637,1.377,0.0
INTC,336,2024-07-01,30.645597457885742,-0.32425850583418514,-23.447408337487264,-35.325132028959274,0,48.2307637961912,-0.9278717146605716,-20.488505168035058,0.6666168547223273,0.04815896689780073,0.11910006290377373,0.1860412262034409,-0.032415961619503,-29.528300579243517,12.4399995803833,12.398862913020391,99.12825487341995,4.3429999351501465,4.702000141143799,-0.35900020599365234,105.72000122070312,9.671460527714903,4.2522315315151715,100.0,227.83008768,,46.01586,0.022000000000000002,37.282,2.017,0.0,0.0,-0.505,-4.1000000000000005,0.0,-1.9771314095822237,1.9930955,4.310637,1.377,0.0
INTC,357,2024-07-31,30.546226501464844,-34.09988248531691,-25.03165778125784,-36.391487491117715,0,40.79086918781955,-2.762139171832969,-20.164867164913577,0.16443354242601546,0.04329435782286171,-0.44342377915168224,0.42686526910170014,-1.0621213576743505,1.6294257528960632,17.690000534057617,10.507989888980163,90.65056275070478,4.14300012588501,4.081999778747559,0.06100034713745117,104.41999816894531,12.059049763091622,-2.8747504327868323,75.0,227.83008768,,46.01586,0.022000000000000002,37.282,2.017,0.0,0.0,-0.505,-4.1000000000000005,0.0,-1.9771314095822237,1.9930955,4.310637,1.377,0.0
INTC,378,2024-08-29,20.1299991607666,16.542474230183913,17.48634180086881,5.961255901481888,0,35.27274764647905,-26.209996342590745,-45.13755178669347,0.43786150340226043,0.03665691316835122,0.31533070732282775,1.2164516433367856,-30.26610357567099,-34.3348621099033,17.110000610351562,9.180699198870702,95.1452591198884,3.8410000801086426,3.9240000247955322,-0.08299994468688965,101.69999694824219,12.056702265247022,-5.477300590836165,75.0,227.83008768,,46.01586,0.022000000000000002,37.282,2.017,0.0,0.0,-0.505,-4.1000000000000005,0.0,-1.9771314095822237,1.9930955,4.310637,1.377,0.0
INTC,399,2024-09-30,23.459999084472656,-2.387039589924911,-15.51576952983611,-6.308608695623896,0,59.95450632816999,3.954325694145261,-31.912122190672136,0.8383299576900815,0.14647826774853723,0.5662929908378436,0.535649495508228,6.442822640469648,-24.014099016213375,16.959999084472656,10.094059821509704,100.0,3.749000072479248,3.5460000038146973,0.20300006866455078,101.19000244140625,16.701310434520323,-9.68753840699903,100.0,227.83008768,,46.01586,0.022000000000000002,37.282,2.017,0.0,0.0,-0.505,-4.1000000000000005,0.0,-1.9771314095822237,1.9930955,4.310637,1.377,0.0
INTC,420,2024-10-29,22.899999618530273,3.275109224862671,-15.152835681912546,-9.956326713001085,0,53.60553392482552,5.682876295766019,-28.252506251383664,0.585980527353475,0.12852908674437935,-0.04188187792224085,0.27171836597228916,0.925513792551258,-20.670329453955638,19.799999237060547,9.142046605485387,98.12998803346488,4.2779998779296875,4.14900016784668,0.1289997100830078,103.98999786376953,18.48643343451737,-11.165318413989379,100.0,227.83008768,,46.01586,0.022000000000000002,37.282,2.017,0.0,0.0,-0.505,-4.1000000000000005,0.0,-1.9771314095822237,1.9930955,4.310637,1.377,0.0
INTC,441,2024-11-27,23.649999618530273,-16.194503109865465,-9.809724026407384,-14.207182905704151,0,47.84630833596262,1.1427188765232659,-20.626168421097848,0.3533363442618637,0.15256819137185318,-0.14725198005473927,0.5670367783402149,6.053813576935685,7.304893993305939,14.100000381469727,10.068321268800373,98.44530304286543,4.302000045776367,4.182000160217285,0.11999988555908203,105.73999786376953,9.807886048012126,-11.260460424713825,75.0,227.83008768,,46.01586,0.022000000000000002,37.282,2.017,0.0,0.0,-0.505,-4.1000000000000005,0.0,-1.9771314095822237,1.9930955,4.310637,1.377,0.0
INTC,462,2024-12-30,19.81999969482422,-1.9677063352845692,10.898082142635811,13.471241762890585,0,38.54873619583978,-11.98074542997648,-27.73660648186406,0.3173665109096382,0.030297212028662018,0.061247038341470494,0.4459884684694423,-17.588356242930715,-12.648747341039224,15.949999809265137,6.473692285635568,86.91984827497792,4.61899995803833,4.229000091552734,0.3899998664855957,108.48999786376953,6.117794955745159,-5.240695228020842,25.0,227.83008768,,46.01586,0.022000000000000002,37.282,2.017,0.0,0.0,-0.505,-4.1000000000000005,0.0,-1.9771314095822237,1.9930955,4.310637,1.377,0.0
INTC,483,2025-01-31,19.43000030517578,9.778690626289643,6.124552317894838,0.3602660510796385,0,40.72177840405722,-7.961800010265499,-23.23105071887056,0.27284256910240734,0.020161642943595882,-0.03476065114523416,0.4523368929497229,-3.0922641170916143,-12.869950807509856,15.84000015258789,7.292710885080145,93.85887765046925,4.51200008392334,4.230000019073486,0.2820000648498535,108.37000274658203,11.330121018015982,-2.967240175731778,100.0,227.83008768,,46.01586,0.022000000000000002,37.282,2.017,0.0,0.0,-0.505,-4.1000000000000005,0.0,-1.9771314095822237,1.9930955,4.310637,1.377,0.0
INTC,504,2025-03-04,21.329999923706055,3.0473493710980515,-4.875757205338105,12.517581274468359,0,44.92348716891894,0.9121358949034394,-12.284601189949827,0.35900870958224534,0.091100622490263,-0.2813416330831483,0.8541052676310275,10.061923877102563,-11.30976881347684,22.780000686645508,0.9127522342645467,68.90187741771673,4.179999828338623,3.9200000762939453,0.25999975204467773,105.73999786376953,12.549487969833418,-7.409100115098354,75.0,227.83008768,,46.01586,0.022000000000000002,37.282,2.017,0.0,0.0,-0.505,-4.1000000000000005,0.0,-1.9771314095822237,1.9930955,4.310637,1.377,0.0
INTC,525,2025-04-02,21.979999542236328,-6.187437358174563,2.3202922634362633,69.69972708773544,0,44.07538445501508,-1.5435905287959366,-6.428578414794154,0.3703920640728955,0.1256281991551842,-0.26191732176151233,0.6845057117150398,5.622297483518768,9.625937050453137,21.770000457763672,-1.5878535721158715,59.79508217125276,4.156000137329102,3.8399999141693115,0.31600022315979004,103.80999755859375,18.29526207512593,-1.4237280176272127,50.0,227.83008768,,46.01586,0.022000000000000002,37.282,2.017,0.0,0.0,-0.505,-4.1000000000000005,0.0,-1.9771314095822237,1.9930955,4.310637,1.377,0.0
INTC,546,2025-05-02,20.6200008392334,-1.600387537706438,-5.43162363554509,93.93792459202213,0,49.53544283873219,-5.170982633431222,-7.349890377663311,0.7027950412679032,0.1507247320535543,0.15089065048481065,0.9751938480775486,-8.06954721942077,6.398357751103978,24.600000381469727,-1.0326929554518527,60.60892846181595,4.230999946594238,3.7909998893737793,0.440000057220459,100.0,17.757241790713785,-17.466128129985847,50.0,227.83008768,,46.01586,0.022000000000000002,37.282,2.017,0.0,0.0,-0.505,-4.1000000000000005,0.0,-1.9771314095822237,1.9930955,4.310637,1.377,0.0
INTC,567,2025-06-03,20.290000915527344,10.842773564919984,18.28486405652896,114.24346603866739,0,46.923951919947285,-2.778172315248955,-6.220458360142202,0.33256014563931025,0.13074918323829607,-0.12105035226123721,0.3694955129256777,0.09867023834235766,-2.49879175281128,18.360000610351562,3.109486192170663,85.03678359440758,4.461999893188477,3.9019999504089355,0.559999942779541,98.69999694824219,18.096293889652635,-8.062809207579114,100.0,227.83008768,,46.01586,0.022000000000000002,37.282,2.017,0.0,0.0,-0.505,-4.1000000000000005,0.0,-1.9771314095822237,1.9930955,4.310637,1.377,0.0
INTC,588,2025-07-03,22.489999771118164,-13.294796805458153,65.85148784644055,75.10005099549777,0,57.386758492112456,7.086058573790516,3.310862055950973,0.7674931168073925,0.26391947018815454,0.11281014433410397,0.5261530346835469,11.061727264781052,0.26749650078488063,16.639999389648438,7.472119641027786,100.0,4.293000221252441,3.8499999046325684,0.44300031661987305,96.77999877929688,13.921714447956624,-2.2403733592666453,100.0,227.83008768,,46.01586,0.022000000000000002,37.282,2.017,0.0,0.0,-0.505,-4.1000000000000005,0.0,-1.9771314095822237,1.9930955,4.310637,1.377,0.0
INTC,609,2025-08-04,19.5,23.076923076923084,105.0769316844451,152.56410256410254,0,32.00932482870515,-9.31160489292133,-10.19329146878482,0.0844960036506495,0.12759767477430697,-0.4462349291523391,0.46702045083917687,-11.363636363636365,-3.798719488774116,20.3799991607666,7.227584608812543,95.74768456823027,4.21999979019165,3.700000047683716,0.5199997425079346,98.69000244140625,11.629943323452952,-1.0650939916447055,100.0,227.83008768,,46.01586,0.022000000000000002,37.282,2.017,0.0,0.0,-0.505,-4.1000000000000005,0.0,-1.9771314095822237,1.9930955,4.310637,1.377,0.0
JNJ,252,2024-02-29,152.125244140625,-2.230783736288422,-9.248752216721101,3.3672795917220943,0,62.499594860433604,2.232984846920028,2.8150537581148023,0.8605732499565151,0.6627782747634259,0.5120232748657555,0.1230710078228916,2.331887023612844,6.899816538157588,13.84000015258789,12.683430743950218,100.0,4.27400016784668,4.4629998207092285,-0.18899965286254883,103.86000061035156,6.0917159296207,2.824029943586548,100.0,,,,,,,,,,,,,,,,
JNJ,273,2024-04-01,148.73165893554688,-8.35972873657651,-6.436956040445341,4.3288187738156125,0,49.292653630950326,-0.26455833873157386,0.21535544333062137,0.44823549677673685,0.5304062961832098,-0.06709859442327393,0.11628115877124374,-2.677038966215406,1.4278051189039909,13.010000228881836,13.432258221064664,99.12090551438266,4.205999851226807,4.635000228881836,-0.4290003776550293,104.81999969482422,13.657699603651796,8.066605867123112,100.0,,,,,,,,,,,,,,,,
JNJ,294,2024-04-30,136.298095703125,1.289424873315581,10.053241939037427,12.462137970935583,0,31.83169956565986,-6.590655661916059,-7.563675676206191,0.15543235272674796,0.045416155545199205,0.024712881144908216,0.159409216582956,-8.330677904543926,-8.314748089196033,14.670000076293945,7.2424716671750655,81.67340248055017,4.613999843597412,4.888999938964844,-0.27500009536743164,105.76000213623047,13.177589706350101,-1.355488072779909,100.0,,,,,,,,,,,,,,,,
JNJ,315,2024-05-30,138.05555725097656,0.798454044598973,13.901772280389224,8.64250433457061,0,40.09550885336704,-2.8548234940490214,-5.381528652603325,0.15270009627028688,0.11396862978973639,-0.6023322030073095,0.166754308906368,-3.125805379169966,-9.66297481656737,14.279999732971191,9.766607457964804,92.86317954607574,4.624000072479248,4.892000198364258,-0.26800012588500977,104.66999816894531,11.947738963846376,-3.644226145341223,100.0,,,,,,,,,,,,,,,,
JNJ,336,2024-07-01,139.15786743164062,7.791586484426838,11.506439250645562,-0.5826192316759626,0,46.68242616863601,-0.8301231541580668,-3.7069261451371864,0.4285691824547815,0.15696592344992558,0.045992017190764956,0.10532503929908232,-0.15679582123042657,-6.407295671297019,12.4399995803833,12.398862913020391,99.12825487341995,4.3429999351501465,4.702000141143799,-0.35900020599365234,105.72000122070312,9.671460527714903,4.2522315315151715,100.0,,,,,,,,,,,,,,,,
JNJ,357,2024-07-31,150.00047302246094,4.831487042633231,2.1888460434746015,-2.1001418961182905,0,60.16065071148436,5.571452473009392,3.9627852474684024,0.732659040446411,0.5898630903298692,0.6221003563334842,0.22886204285331532,8.094255377590876,5.255994804886099,17.690000534057617,10.507989888980163,90.65056275070478,4.14300012588501,4.081999778747559,0.06100034713745117,104.41999816894531,12.059049763091622,-2.8747504327868323,75.0,,,,,,,,,,,,,,,,
JNJ,378,2024-08-29,157.2477264404297,-1.32131864625753,-4.61737147765533,2.34553054630553,0,68.80502016856563,6.44510062891292,7.952730358809047,0.9262667098368468,1.0,0.21331314337488205,0.13591204469953963,2.9339005389218853,12.82234448836741,17.110000610351562,9.180699198870702,95.1452591198884,3.8410000801086426,3.9240000247955322,-0.08299994468688965,101.69999694824219,12.056702265247022,-5.477300590836165,75.0,,,,,,,,,,,,,,,,
JNJ,399,2024-09-30,155.16998291015625,-1.2155897895807177,-10.841578803487383,-2.5915261937493717,0,46.6493845606194,0.3782758724768691,5.3891983276452615,0.19894229847523068,0.7973017527859564,-0.7749866481315806,0.12483839029928286,-2.2910893880272343,11.819539109821807,16.959999084472656,10.094059821509704,100.0,3.749000072479248,3.5460000038146973,0.20300006866455078,101.19000244140625,16.701310434520323,-9.68753840699903,100.0,,,,,,,,,,,,,,,,
JNJ,420,2024-10-29,153.28375244140625,-2.1507417572900533,-4.197119456430897,-0.9105077205910139,0,42.1407171956156,-1.9147459159897493,3.5711596067524485,0.24458139595229325,0.7103441026754818,-0.2268011660803472,0.13585545644562178,-1.1729072051194556,0.339094785028049,19.799999237060547,9.142046605485387,98.12998803346488,4.2779998779296875,4.14900016784668,0.1289997100830078,103.98999786376953,18.48643343451737,-11.165318413989379,100.0,,,,,,,,,,,,,,,,
JNJ,441,2024-11-27,149.9870147705078,-7.760610379987931,7.2999686964274835,1.0234955845888738,0,49.0980922756781,-1.8253088523732193,1.2952747031250362,0.6046548630489977,0.5735369636673217,0.4293272517659841,0.12892836333893765,-2.4675454052763612,-5.554750059787638,14.100000381469727,10.068321268800373,98.44530304286543,4.302000045776367,4.182000160217285,0.11999988555908203,105.73999786376953,9.807886048012126,-11.260460424713825,75.0,,,,,,,,,,,,,,,,
JNJ,462,2024-12-30,138.34710693359375,6.146238616054589,9.25325112201596,10.650879546684822,0,32.155181683812984,-6.176509313345711,-6.01727957275732,0.19283202156559842,0.09050717833020003,0.07153744657516814,0.14518380250406848,-7.528546241407719,-10.803055398477968,15.949999809265137,6.473692285635568,86.91984827497792,4.61899995803833,4.229000091552734,0.3899998664855957,108.48999786376953,6.117794955745159,-5.240695228020842,25.0,,,,,,,,,,,,,,,,
JNJ,483,2025-01-31,146.85025024414062,9.591927579219316,3.4305980333704023,14.286649449946797,0,60.074167459186505,2.6628521910852263,0.02072769073425005,0.8866513829609943,0.4433683474675277,0.939168361827136,0.2382042404913834,5.206751306697299,-4.507297607894401,15.84000015258789,7.292710885080145,93.85887765046925,4.51200008392334,4.230000019073486,0.2820000648498535,108.37000274658203,11.330121018015982,-2.967240175731778,100.0,,,,,,,,,,,,,,,,
JNJ,504,2025-03-04,160.93601989746094,-6.081489865036871,-5.849464066104215,9.32396317737676,0,68.35579343604478,9.851824989801901,8.514466497953567,0.8147223022095332,0.9319180327398294,0.5461041160555076,0.1622520354505236,9.793992795952144,7.5699235921374175,22.780000686645508,0.9127522342645467,68.90187741771673,4.179999828338623,3.9200000762939453,0.25999975204467773,105.73999786376953,12.549487969833418,-7.409100115098354,75.0,,,,,,,,,,,,,,,,
JNJ,525,2025-04-02,151.14871215820312,0.48917378934636435,1.2792556837580626,21.621519850929992,0,38.97631058364921,-2.107196697230725,0.6437943463604208,-0.054902075913781566,0.555156578986053,-1.2208230993390563,0.3132325339073069,-5.910851801984707,8.28626402691568,21.770000457763672,-1.5878535721158715,59.79508217125276,4.156000137329102,3.8399999141693115,0.31600022315979004,103.80999755859375,18.29526207512593,-1.4237280176272127,50.0,,,,,,,,,,,,,,,,
JNJ,546,2025-05-02,151.88809204101562,-0.24094502206016832,10.495976648103532,22.910190716664758,0,49.82086913764553,-2.2135475033251573,0.4240248812175088,0.6962737603109053,0.5673958617747941,0.33984079664990896,0.23503918758736103,-2.3151211230563185,3.6213030120131995,24.600000381469727,-1.0326929554518527,60.60892846181595,4.230999946594238,3.7909998893737793,0.440000057220459,100.0,17.757241790713785,-17.466128129985847,50.0,,,,,,,,,,,,,,,,
JNJ,567,2025-06-03,151.52212524414062,1.0296617756381243,16.116134754808442,34.85406167920458,0,53.975078782324616,0.43991677626990033,0.27286701860477564,0.7075578998570582,0.5533431923886842,0.6030653887498107,0.20804953848120425,0.47988773949865227,-5.678404441499907,18.360000610351562,3.109486192170663,85.03678359440758,4.461999893188477,3.9019999504089355,0.559999942779541,98.69999694824219,18.096293889652635,-8.062809207579114,100.0,,,,,,,,,,,,,,,,
JNJ,588,2025-07-03,153.08229064941406,9.633994893146713,20.085321549646995,34.73376911469148,0,58.46384485026051,1.8358358983698044,1.690534778922934,0.7413753736577511,0.6132516016082291,0.32058788146113726,0.14157181831544216,1.820909740366039,-1.5470876001589806,16.639999389648438,7.472119641027786,100.0,4.293000221252441,3.8499999046325684,0.44300031661987305,96.77999877929688,13.921714447956624,-2.2403733592666453,100.0,,,,,,,,,,,,,,,,
JNJ,609,2025-08-04,167.83023071289062,4.833100916617106,11.234991938300865,38.15590291484929,0,67.62670145435891,8.421242828340818,11.111563907049549,0.8468493545596741,1.0,0.17472409295376945,0.26697929009163474,10.156492634064819,11.294391589043018,20.3799991607666,7.227584608812543,95.74768456823027,4.21999979019165,3.700000047683716,0.5199997425079346,98.69000244140625,11.629943323452952,-1.0650939916447055,100.0,,,,,,,,,,,,,,,,
UNH,252,2024-02-29,474.31024169921875,-0.3990104874484257,-2.0363207314692544,20.830940385652006,0,32.01304371150505,-4.970780623762355,-2.5747704601320294,-0.09574464380941092,0.4606570037255,-1.9063902425057395,0.18059220588642122,-3.5447743710646407,-7.420093812950945,13.84000015258789,12.683430743950218,100.0,4.27400016784668,4.4629998207092285,-0.18899965286254883,103.86000061035156,6.0917159296207,2.824029943586548,100.0,265.655271424,22.167044,14.644535,12.537999999999998,77.08,0.788,301.0,65.98999500000001,2.694,12.3,-99.8,5.996210693133985,2.6663575,0.5935542,0.415,1.0
UNH,273,2024-04-01,472.4176940917969,-1.225250373332154,1.4393305298781023,20.327220937892008,0,45.44553451507333,-2.196158415902185,-3.127773231956949,0.60085604599674,0.44217996572444646,1.426492100826751,0.16622650323973692,0.42907620939214297,-6.617569081370245,13.010000228881836,13.432258221064664,99.12090551438266,4.205999851226807,4.635000228881836,-0.4290003776550293,104.81999969482422,13.657699603651796,8.066605867123112,100.0,265.655271424,22.167044,14.644535,12.537999999999998,77.08,0.788,301.0,65.98999500000001,2.694,12.3,-99.8,5.996210693133985,2.6663575,0.5935542,0.415,1.0
UNH,294,2024-04-30,466.62939453125,-0.42381183834785396,19.620467908465056,17.12145414097317,0,51.61738366055137,-0.15607479394016877,-4.444147060506617,0.6485726324868686,0.4055553056957653,2.9193580352962174,0.28679509688766375,5.579069722801044,-5.106743271322134,14.670000076293945,7.2424716671750655,81.67340248055017,4.613999843597412,4.888999938964844,-0.27500009536743164,105.76000213623047,13.177589706350101,-1.355488072779909,100.0,265.655271424,22.167044,14.644535,12.537999999999998,77.08,0.788,301.0,65.98999500000001,2.694,12.3,-99.8,5.996210693133985,2.6663575,0.5935542,0.415,1.0
UNH,315,2024-05-30,464.6517639160156,3.134730868690583,23.34259113976236,27.297296960029914,0,36.76043795587303,-1.5272716172094116,-4.99322304849743,4.943682935330873e-05,0.3868726164817512,-4.474784381486758,0.2063162156296911,-0.508146092066819,-1.2218466989034948,14.279999732971191,9.766607457964804,92.86317954607574,4.624000072479248,4.892000198364258,-0.26800012588500977,104.66999816894531,11.947738963846376,-3.644226145341223,100.0,265.655271424,22.167044,14.644535,12.537999999999998,77.08,0.788,301.0,65.98999500000001,2.694,12.3,-99.8,5.996210693133985,2.6663575,0.5935542,0.415,1.0
UNH,336,2024-07-01,479.21734619140625,16.478309805123793,18.6198886658175,3.4176094062062345,0,50.93290065296827,-0.41800369060670717,-2.243052689202845,0.5847299304834009,0.5244737664518256,1.01310775663205,0.25318012798974926,0.27826702893638533,8.427206255926967,12.4399995803833,12.398862913020391,99.12825487341995,4.3429999351501465,4.702000141143799,-0.35900020599365234,105.72000122070312,9.671460527714903,4.2522315315151715,100.0,265.655271424,22.167044,14.644535,12.537999999999998,77.08,0.788,301.0,65.98999500000001,2.694,12.3,-99.8,5.996210693133985,2.6663575,0.5935542,0.415,1.0
UNH,357,2024-07-31,558.1842651367188,2.674611447574504,-2.089118870028306,-5.147567201524805,0,72.39432056920694,12.359442748315193,13.039665408935736,0.7772103903932197,0.9987761163179052,2.5731728288582723,0.302763560314647,15.639048211540008,19.519157514114617,17.690000534057617,10.507989888980163,90.65056275070478,4.14300012588501,4.081999778747559,0.06100034713745117,104.41999816894531,12.059049763091622,-2.8747504327868323,75.0,265.655271424,22.167044,14.644535,12.537999999999998,77.08,0.788,301.0,65.98999500000001,2.694,12.3,-99.8,5.996210693133985,2.6663575,0.5935542,0.415,1.0
UNH,378,2024-08-29,573.113525390625,-0.8142266173029489,3.206277558889914,-19.177824409482024,0,69.04219404376549,8.334246310793155,14.866855617355327,0.8769952501234607,1.0,-0.5514716481084427,0.19445061994759555,3.2823031492555277,19.926441715366327,17.110000610351562,9.180699198870702,95.1452591198884,3.8410000801086426,3.9240000247955322,-0.08299994468688965,101.69999694824219,12.056702265247022,-5.477300590836165,75.0,265.655271424,22.167044,14.644535,12.537999999999998,77.08,0.788,301.0,65.98999500000001,2.694,12.3,-99.8,5.996210693133985,2.6663575,0.5935542,0.415,1.0
UNH,399,2024-09-30,568.4470825195312,-3.8568146217126897,-12.815961497350548,-9.788051392842402,0,54.764964622725934,1.2163154583658333,12.794387326400136,0.4798233741702766,0.8955458682822863,-1.3560904816838026,0.14593874148555744,-0.5839896175828141,17.76519634620053,16.959999084472656,10.094059821509704,100.0,3.749000072479248,3.5460000038146973,0.20300006866455078,101.19000244140625,16.701310434520323,-9.68753840699903,100.0,265.655271424,22.167044,14.644535,12.537999999999998,77.08,0.788,301.0,65.98999500000001,2.694,12.3,-99.8,5.996210693133985,2.6663575,0.5935542,0.415,1.0
UNH,420,2024-10-29,546.5231323242188,8.227648704774882,-3.1237062685980477,-28.278228123340522,0,41.39226953903738,-3.3980129128114323,7.2894820680348165,0.23866182164176386,0.7448712590997373,-1.8472021519254218,0.3477162147422073,-3.629335476378126,-1.5096218636301506,19.799999237060547,9.142046605485387,98.12998803346488,4.2779998779296875,4.14900016784668,0.1289997100830078,103.98999786376953,18.48643343451737,-11.165318413989379,100.0,265.655271424,22.167044,14.644535,12.537999999999998,77.08,0.788,301.0,65.98999500000001,2.694,12.3,-99.8,5.996210693133985,2.6663575,0.5935542,0.415,1.0
UNH,441,2024-11-27,591.4891357421875,-16.212303262484472,-21.688701983849278,-50.0858738630381,0,58.13556895155813,4.164612556899716,14.129073106964457,0.6904399362358806,0.9109537769639348,0.8825864632450422,0.31454183198523955,8.068085307583338,3.445847235941879,14.100000381469727,10.068321268800373,98.44530304286543,4.302000045776367,4.182000160217285,0.11999988555908203,105.73999786376953,9.807886048012126,-11.260460424713825,75.0,265.655271424,22.167044,14.644535,12.537999999999998,77.08,0.788,301.0,65.98999500000001,2.694,12.3,-99.8,5.996210693133985,2.6663575,0.5935542,0.415,1.0
UNH,462,2024-12-30,495.5951232910156,6.831429547698065,3.4730096890569273,-38.545028741671395,0,38.02189874806029,-9.864531466476024,-5.175370520435077,0.34637680054465836,0.3903303453762881,-0.022983685818168453,0.4285362676543619,-16.462202266925708,-12.609680100625809,15.949999809265137,6.473692285635568,86.91984827497792,4.61899995803833,4.229000091552734,0.3899998664855957,108.48999786376953,6.117794955745159,-5.240695228020842,25.0,265.655271424,22.167044,14.644535,12.537999999999998,77.08,0.788,301.0,65.98999500000001,2.694,12.3,-99.8,5.996210693133985,2.6663575,0.5935542,0.415,1.0
UNH,483,2025-01-31,529.4513549804688,-12.512676477840701,-25.965611282039337,-55.072380858400294,0,55.37067629485238,0.1556162976437323,0.1296146074194972,0.7608824387380442,0.5741410659023964,3.5344544561014737,0.32480857267133023,7.241140197524754,-3.2665340091994843,15.84000015258789,7.292710885080145,93.85887765046925,4.51200008392334,4.230000019073486,0.2820000648498535,108.37000274658203,11.330121018015982,-2.967240175731778,100.0,265.655271424,22.167044,14.644535,12.537999999999998,77.08,0.788,301.0,65.98999500000001,2.694,12.3,-99.8,5.996210693133985,2.6663575,0.5935542,0.415,1.0
UNH,504,2025-03-04,463.20281982421875,10.708995712938862,-36.26190932671333,-34.39018910637143,0,38.13618915568869,-7.64887541727589,-12.672118478616918,0.2720537679790727,0.21446751768932207,-3.138866196299986,0.3596480225770882,-13.420774478168141,-21.922267485381607,22.780000686645508,0.9127522342645467,68.90187741771673,4.179999828338623,3.9200000762939453,0.25999975204467773,105.73999786376953,12.549487969833418,-7.409100115098354,75.0,265.655271424,22.167044,14.644535,12.537999999999998,77.08,0.788,301.0,65.98999500000001,2.694,12.3,-99.8,5.996210693133985,2.6663575,0.5935542,0.415,1.0
UNH,525,2025-04-02,512.8071899414062,-23.562679715247846,-40.607728099332604,-31.48347509406578,0,62.912040039494904,3.0546315149350907,-3.4300933100127424,0.8047264641313632,0.4837773184999177,3.074158010703966,0.18237428005404063,10.390331916638008,3.8698404177920365,21.770000457763672,-1.5878535721158715,59.79508217125276,4.156000137329102,3.8399999141693115,0.31600022315979004,103.80999755859375,18.29526207512593,-1.4237280176272127,50.0,265.655271424,22.167044,14.644535,12.537999999999998,77.08,0.788,301.0,65.98999500000001,2.694,12.3,-99.8,5.996210693133985,2.6663575,0.5935542,0.415,1.0
UNH,546,2025-05-02,391.97607421875,-24.679935149302345,-39.31520213835397,-13.44398499190923,0,25.685303563791592,-18.628987429995643,-26.178178688857884,0.2252169654317436,0.0,-10.931814495364574,0.9809084460231584,-26.001030340663444,-26.73407095875142,24.600000381469727,-1.0326929554518527,60.60892846181595,4.230999946594238,3.7909998893737793,0.440000057220459,100.0,17.757241790713785,-17.466128129985847,50.0,265.655271424,22.167044,14.644535,12.537999999999998,77.08,0.788,301.0,65.98999500000001,2.694,12.3,-99.8,5.996210693133985,2.6663575,0.5935542,0.415,1.0
UNH,567,2025-06-03,295.23663330078125,3.1605858565268763,2.9365803094669074,9.191235678312704,0,30.870839554368274,-29.26723070044491,-41.73831507443197,0.36435016230102896,0.07769035255836924,5.236105004816878,0.9179546374175699,-25.589778394877328,-36.44537248444608,18.360000610351562,3.109486192170663,85.03678359440758,4.461999893188477,3.9019999504089355,0.559999942779541,98.69999694824219,18.096293889652635,-8.062809207579114,100.0,265.655271424,22.167044,14.644535,12.537999999999998,77.08,0.788,301.0,65.98999500000001,2.694,12.3,-99.8,5.996210693133985,2.6663575,0.5935542,0.415,1.0
UNH,588,2025-07-03,304.5678405761719,-21.899210417071846,15.362694022762735,10.451580593700704,0,45.68412224060112,-6.641549713012132,-36.36228951038593,0.5684432732481977,0.10521682821792121,3.8697437604805174,0.3458699027735947,3.449076869415224,-42.50234165713853,16.639999389648438,7.472119641027786,100.0,4.293000221252441,3.8499999046325684,0.44300031661987305,96.77999877929688,13.921714447956624,-2.2403733592666453,100.0,265.655271424,22.167044,14.644535,12.537999999999998,77.08,0.788,301.0,65.98999500000001,2.694,12.3,-99.8,5.996210693133985,2.6663575,0.5935542,0.415,1.0
UNH,609,2025-08-04,237.86988830566406,27.761649995018935,42.632122142728335,19.468670330650873,0,26.89805205156486,-18.237929284672948,-46.9224271095889,0.007965997856835962,0.008490459691577981,-4.188176860249728,0.459975159949178,-20.65457033359095,-40.04825585455758,20.3799991607666,7.227584608812543,95.74768456823027,4.21999979019165,3.700000047683716,0.5199997425079346,98.69000244140625,11.629943323452952,-1.0650939916447055,100.0,265.655271424,22.167044,14.644535,12.537999999999998,77.08,0.788,301.0,65.98999500000001,2.694,12.3,-99.8,5.996210693133985,2.6663575,0.5935542,0.415,1.0
PFE,252,2024-02-29,23.302032470703125,4.367471950505597,7.775901335977076,11.312332937381564,0,37.34183931290253,-4.265350833526792,-16.618050391126758,-0.0001272531125236117,0.058374371157895455,-0.04194488040350733,0.21527819111205188,-1.9202380443931188,-10.37339235578979,13.84000015258789,12.683430743950218,100.0,4.27400016784668,4.4629998207092285,-0.18899965286254883,103.86000061035156,6.0917159296207,2.824029943586548,100.0,157.209821184,20.330881,9.766073,8.5760005,66.531,,622.0,126.47,12.4180004,-1.2,0.0,,1.6941365,2.5121818,0.441,1.0
PFE,273,2024-04-01,24.31974220275879,-7.575760071193793,3.339032695768629,7.471231238749021,0,52.84800792675722,1.0904372387968315,-10.237099527285412,0.5825182020927298,0.14121695328193398,0.010396152241062925,0.26177583258555437,4.2497140001583,-2.267660565595242,13.010000228881836,13.432258221064664,99.12090551438266,4.205999851226807,4.635000228881836,-0.4290003776550293,104.81999969482422,13.657699603651796,8.066605867123112,100.0,157.209821184,20.330881,9.766073,8.5760005,66.531,,622.0,126.47,12.4180004,-1.2,0.0,,1.6941365,2.5121818,0.441,1.0
PFE,294,2024-04-30,22.477336883544922,11.730209210360854,22.709115745823482,14.351707202910102,0,39.486022946065255,-4.698138658080818,-14.234315178071485,0.28914951368488356,0.02673901620856665,-0.011047052570695715,0.21703042924068616,-7.005439874144914,-5.391435115979526,14.670000076293945,7.2424716671750655,81.67340248055017,4.613999843597412,4.888999938964844,-0.27500009536743164,105.76000213623047,13.177589706350101,-1.355488072779909,100.0,157.209821184,20.330881,9.766073,8.5760005,66.531,,622.0,126.47,12.4180004,-1.2,0.0,,1.6941365,2.5121818,0.441,1.0
PFE,315,2024-05-30,25.113975524902344,0.07091996054364724,3.281282325239032,-5.668774164658863,0,53.583379685588625,4.36181070798968,-1.9898634573811198,0.4661473301484765,0.24995567503291674,-0.09209512836403544,0.2540810621871743,5.317440720848188,7.654297650451625,14.279999732971191,9.766607457964804,92.86317954607574,4.624000072479248,4.892000198364258,-0.26800012588500977,104.66999816894531,11.947738963846376,-3.644226145341223,100.0,157.209821184,20.330881,9.766073,8.5760005,66.531,,622.0,126.47,12.4180004,-1.2,0.0,,1.6941365,2.5121818,0.441,1.0
PFE,336,2024-07-01,25.131786346435547,9.748431539247694,3.9986812680409267,-3.582479261619387,0,52.93874668977432,1.726783187948291,0.24567981953356263,0.5367689168324027,0.3134640835991179,-0.007273231391629421,0.22926611341062555,-1.535234407197572,3.9767045612369323,12.4399995803833,12.398862913020391,99.12825487341995,4.3429999351501465,4.702000141143799,-0.35900020599365234,105.72000122070312,9.671460527714903,4.2522315315151715,100.0,157.209821184,20.330881,9.766073,8.5760005,66.531,,622.0,126.47,12.4180004,-1.2,0.0,,1.6941365,2.5121818,0.441,1.0
PFE,357,2024-07-31,27.581741333007812,-5.959396646487026,-6.810747915602866,-10.35636676759255,0,63.87846578872324,7.72960064944441,11.012533279614129,0.8023314647035874,0.5765135110242281,0.17221520004507018,0.2282139686074637,11.286397876467792,15.666211625334213,17.690000534057617,10.507989888980163,90.65056275070478,4.14300012588501,4.081999778747559,0.06100034713745117,104.41999816894531,12.059049763091622,-2.8747504327868323,75.0,157.209821184,20.330881,9.766073,8.5760005,66.531,,622.0,126.47,12.4180004,-1.2,0.0,,1.6941365,2.5121818,0.441,1.0
PFE,378,2024-08-29,25.93803596496582,0.7660195039326689,-8.665710076791665,-7.443318814374678,0,46.373914436804014,-0.17699156150858855,4.508046432714885,0.39023189254742274,0.44665705674814793,-0.03844159981128144,0.1542492644299004,-6.29689762755945,1.623601124966223,17.110000610351562,9.180699198870702,95.1452591198884,3.8410000801086426,3.9240000247955322,-0.08299994468688965,101.69999694824219,12.056702265247022,-5.477300590836165,75.0,157.209821184,20.330881,9.766073,8.5760005,66.531,,622.0,126.47,12.4180004,-1.2,0.0,,1.6941365,2.5121818,0.441,1.0
PFE,399,2024-09-30,26.13672637939453,-1.6586159759214847,-7.2896698662178405,-11.89239250591031,0,46.12396658597603,-1.1348881209814614,4.929956618374622,0.3606981215114765,0.586007953215322,-0.0641380658697264,0.20907082264572402,-0.24130192676087292,5.456073129247896,16.959999084472656,10.094059821509704,100.0,3.749000072479248,3.5460000038146973,0.20300006866455078,101.19000244140625,16.701310434520323,-9.68753840699903,100.0,157.209821184,20.330881,9.766073,8.5760005,66.531,,622.0,126.47,12.4180004,-1.2,0.0,,1.6941365,2.5121818,0.441,1.0
PFE,420,2024-10-29,25.703218460083008,-7.831305229658692,-3.804750840556792,-12.220017543926042,0,42.43740662538743,-2.084250958934478,2.484341748853116,0.19523152908348648,0.5723616073740355,-0.07112328784576864,0.2201396564103972,-0.7324906427668365,-7.145193494239354,19.799999237060547,9.142046605485387,98.12998803346488,4.2779998779296875,4.14900016784668,0.1289997100830078,103.98999786376953,18.48643343451737,-11.165318413989379,100.0,157.209821184,20.330881,9.766073,8.5760005,66.531,,622.0,126.47,12.4180004,-1.2,0.0,,1.6941365,2.5121818,0.441,1.0
PFE,441,2024-11-27,23.69032096862793,2.28415792503891,1.338370576313408,-6.353687529643414,0,41.93245951781442,-6.585611323278305,-5.551618830507634,0.39849660229923733,0.24706650046482267,0.06370196505831482,0.2738088357006919,-8.02522781258891,-9.578745920122122,14.100000381469727,10.068321268800373,98.44530304286543,4.302000045776367,4.182000160217285,0.11999988555908203,105.73999786376953,9.807886048012126,-11.260460424713825,75.0,157.209821184,20.330881,9.766073,8.5760005,66.531,,622.0,126.47,12.4180004,-1.2,0.0,,1.6941365,2.5121818,0.441,1.0
PFE,462,2024-12-30,24.2314453125,2.037970582456783,-4.964627601962679,-0.48535703310764733,0,52.81991407200993,-0.24303695548964138,-3.3370264454591383,0.735051961053503,0.33451511721668625,0.13941813446485568,0.26350192466681494,0.8012202541624935,-6.416574716763723,15.949999809265137,6.473692285635568,86.91984827497792,4.61899995803833,4.229000091552734,0.3899998664855957,108.48999786376953,6.117794955745159,-5.240695228020842,25.0,157.209821184,20.330881,9.766073,8.5760005,66.531,,622.0,126.47,12.4180004,-1.2,0.0,,1.6941365,2.5121818,0.441,1.0
PFE,483,2025-01-31,24.72527503967285,-2.9034653188476756,-8.74811051159189,-8.021690690506523,0,53.98922883874049,2.9473502852755225,-1.648448962483204,0.657876594420429,0.41432066845691207,0.05056431907076486,0.1993022864789385,1.614890346598541,-4.007145278593449,15.84000015258789,7.292710885080145,93.85887765046925,4.51200008392334,4.230000019073486,0.2820000648498535,108.37000274658203,11.330121018015982,-2.967240175731778,100.0,157.209821184,20.330881,9.766073,8.5760005,66.531,,622.0,126.47,12.4180004,-1.2,0.0,,1.6941365,2.5121818,0.441,1.0
PFE,504,2025-03-04,24.00738525390625,-4.077665907351713,-7.590469495623342,-0.1986766436923082,0,45.06485070658635,-1.390421425274172,-4.761057124478394,0.34418420728078253,0.2983058015293529,0.0053162082692592635,0.19616371474397096,-1.7175555978422907,-0.13085486662356427,22.780000686645508,0.9127522342645467,68.90187741771673,4.179999828338623,3.9200000762939453,0.25999975204467773,105.73999786376953,12.549487969833418,-7.409100115098354,75.0,157.209821184,20.330881,9.766073,8.5760005,66.531,,622.0,126.47,12.4180004,-1.2,0.0,,1.6941365,2.5121818,0.441,1.0
PFE,525,2025-04-02,23.028444290161133,-2.0242949518438524,4.713266708836028,13.655037459196917,0,36.21421776979201,-4.909803639641625,-8.091481574273464,0.06653582134661766,0.1401036542212556,-0.13514185646232338,0.21159142825527116,-4.780255491138286,-5.358672951350973,21.770000457763672,-1.5878535721158715,59.79508217125276,4.156000137329102,3.8399999141693115,0.31600022315979004,103.80999755859375,18.29526207512593,-1.4237280176272127,50.0,157.209821184,20.330881,9.766073,8.5760005,66.531,,622.0,126.47,12.4180004,-1.2,0.0,,1.6941365,2.5121818,0.441,1.0
PFE,546,2025-05-02,22.562280654907227,-1.6716778820561107,0.7960600324639078,5.593833461843745,0,56.41263622651902,-1.6619907686545539,-8.521459628805022,0.959431382528906,0.2960127464408181,0.3208222034014222,0.38340963088604035,-0.3705258412990853,-7.633585640444052,24.600000381469727,-1.0326929554518527,60.60892846181595,4.230999946594238,3.7909998893737793,0.440000057220459,100.0,17.757241790713785,-17.466128129985847,50.0,157.209821184,20.330881,9.766073,8.5760005,66.531,,622.0,126.47,12.4180004,-1.2,0.0,,1.6941365,2.5121818,0.441,1.0
PFE,567,2025-06-03,22.18511199951172,8.693777561199067,7.9989507701058615,11.49662447852311,0,52.76594713064704,1.4869048366116935,-8.134721783424686,0.7003371501566824,0.25013126727269647,0.06657922574558904,0.31249953879610903,-0.3123032249278346,-8.267329313403348,18.360000610351562,3.109486192170663,85.03678359440758,4.461999893188477,3.9019999504089355,0.559999942779541,98.69999694824219,18.096293889652635,-8.062809207579114,100.0,157.209821184,20.330881,9.766073,8.5760005,66.531,,622.0,126.47,12.4180004,-1.2,0.0,,1.6941365,2.5121818,0.441,1.0
PFE,588,2025-07-03,24.11383628845215,-5.689456950887061,8.53929118191321,2.701027755773233,0,70.15037890184857,7.89542848699675,1.1934273335768912,0.9828577536615705,0.4847550145490311,0.0890817410468906,0.19514037232053405,8.507908808896381,6.480761679780045,16.639999389648438,7.472119641027786,100.0,4.293000221252441,3.8499999046325684,0.44300031661987305,96.77999877929688,13.921714447956624,-2.2403733592666453,100.0,157.209821184,20.330881,9.766073,8.5760005,66.531,,622.0,126.47,12.4180004,-1.2,0.0,,1.6941365,2.5121818,0.441,1.0
PFE,609,2025-08-04,22.74188995361328,5.354868199240137,4.75988191188681,13.315122491256615,0,40.67115670037649,-1.7518377477246023,-3.379706640188671,0.1476625685019656,0.3459905200534611,-0.17164362591123544,0.23128443364351245,-5.166336113290404,2.189550804961371,20.3799991607666,7.227584608812543,95.74768456823027,4.21999979019165,3.700000047683716,0.5199997425079346,98.69000244140625,11.629943323452952,-1.0650939916447055,100.0,157.209821184,20.330881,9.766073,8.5760005,66.531,,622.0,126.47,12.4180004,-1.2,0.0,,1.6941365,2.5121818,0.441,1.0
ABBV,252,2024-02-29,164.3489990234375,2.675387548678021,-10.383513685550605,12.92957907582517,0,61.97511961264481,6.215951229322805,19.424603277688153,0.5964532302047909,0.9417347447799581,-0.3552165015308688,0.13325177663111662,7.086359274402487,28.326352938289002,13.84000015258789,12.683430743950218,100.0,4.27400016784668,4.4629998207092285,-0.18899965286254883,103.86000061035156,6.0917159296207,2.824029943586548,100.0,410.356645888,97.92406,14.400291,6225.0,,0.671,290.0,276.79,6.909999999999999,10.0,0.0,4.46873449613997,-125.44865,6.709559,0.334,1.0
ABBV,273,2024-04-01,168.7459716796875,-9.184048085638619,-4.8677286856529385,11.28310173781637,0,58.03525598283853,3.3131482431931447,18.899193001407845,0.7272620927100557,0.9749854305686503,-0.15224439871193485,0.14809571149354342,1.0340357579784687,17.75634060710192,13.010000228881836,13.432258221064664,99.12090551438266,4.205999851226807,4.635000228881836,-0.4290003776550293,104.81999969482422,13.657699603651796,8.066605867123112,100.0,410.356645888,97.92406,14.400291,6225.0,,0.671,290.0,276.79,6.909999999999999,10.0,0.0,4.46873449613997,-125.44865,6.709559,0.334,1.0
ABBV,294,2024-04-30,153.24826049804688,-3.8920260894899084,14.991639183939753,18.493035839493842,0,39.55848210232695,-5.812323881165639,5.325042737556039,0.2753116804831836,0.6650888964151571,-0.1932277371117932,0.29625669696345075,-9.148870692832178,-0.1466490250375152,14.670000076293945,7.2424716671750655,81.67340248055017,4.613999843597412,4.888999938964844,-0.27500009536743164,105.76000213623047,13.177589706350101,-1.355488072779909,100.0,410.356645888,97.92406,14.400291,6225.0,,0.671,290.0,276.79,6.909999999999999,10.0,0.0,4.46873449613997,-125.44865,6.709559,0.334,1.0
ABBV,315,2024-05-30,147.28379821777344,8.994931929301252,26.01429013806009,19.14608515133711,0,36.0541008344892,-5.805576310007356,-0.05027890166300313,0.14403856723436448,0.5458218532316677,-0.48991051879360814,0.15886097650543585,-3.3452774985665568,-11.816108037519212,14.279999732971191,9.766607457964804,92.86317954607574,4.624000072479248,4.892000198364258,-0.26800012588500977,104.66999816894531,11.947738963846376,-3.644226145341223,100.0,410.356645888,97.92406,14.400291,6225.0,,0.671,290.0,276.79,6.909999999999999,10.0,0.0,4.46873449613997,-125.44865,6.709559,0.334,1.0
ABBV,336,2024-07-01,160.53187561035156,9.7742651405331,16.977236221031532,5.205502681068985,0,55.91665179539506,3.408967845607135,7.213507022477063,0.6270840377754767,0.8036964320525382,0.05707224214045903,0.17798097422233441,5.662367270691204,-4.830879374424568,12.4399995803833,12.398862913020391,99.12825487341995,4.3429999351501465,4.702000141143799,-0.35900020599365234,105.72000122070312,9.671460527714903,4.2522315315151715,100.0,410.356645888,97.92406,14.400291,6225.0,,0.671,290.0,276.79,6.909999999999999,10.0,0.0,4.46873449613997,-125.44865,6.709559,0.334,1.0
ABBV,357,2024-07-31,176.22268676757812,5.320510211768537,3.044914117584918,0.969449117797061,0,68.15637938840683,10.458639119702145,15.586438814282918,0.9054408124978802,0.9724387015943053,1.3828976244557785,0.2527514438149143,12.691255021689951,15.645815046083378,17.690000534057617,10.507989888980163,90.65056275070478,4.14300012588501,4.081999778747559,0.06100034713745117,104.41999816894531,12.059049763091622,-2.8747504327868323,75.0,410.356645888,97.92406,14.400291,6225.0,,0.671,290.0,276.79,6.909999999999999,10.0,0.0,4.46873449613997,-125.44865,6.709559,0.334,1.0
ABBV,378,2024-08-29,185.5986328125,1.178413061093475,-5.450338195135041,8.307181088959403,0,65.43121675351942,8.077026761061951,17.659134213672065,0.6469220480175917,0.9628188374621541,-0.5901914421786127,0.1423728831650171,2.883330189612865,22.161351635687087,17.110000610351562,9.180699198870702,95.1452591198884,3.8410000801086426,3.9240000247955322,-0.08299994468688965,101.69999694824219,12.056702265247022,-5.477300590836165,75.0,410.356645888,97.92406,14.400291,6225.0,,0.671,290.0,276.79,6.909999999999999,10.0,0.0,4.46873449613997,-125.44865,6.709559,0.334,1.0
ABBV,399,2024-09-30,187.78575134277344,-3.300162585876809,-10.063268649739287,5.721569999887044,0,60.42380182282444,3.0881600703018037,14.934575844720518,0.8487163055167417,0.9714692055446227,-0.2432622523524467,0.17680429994542624,0.5960038787580002,20.085627918717776,16.959999084472656,10.094059821509704,100.0,3.749000072479248,3.5460000038146973,0.20300006866455078,101.19000244140625,16.701310434520323,-9.68753840699903,100.0,410.356645888,97.92406,14.400291,6225.0,,0.671,290.0,276.79,6.909999999999999,10.0,0.0,4.46873449613997,-125.44865,6.709559,0.334,1.0
ABBV,420,2024-10-29,181.58851623535156,-3.3623473131783044,-2.01413627985515,6.726358410111777,0,46.75914892139006,-1.6023296075947067,8.528057870378548,0.35259383017345003,0.8720350962925024,-0.18758347071631398,0.11965643886129355,-3.04486089291619,0.6603927592364167,19.799999237060547,9.142046605485387,98.12998803346488,4.2779998779296875,4.14900016784668,0.1289997100830078,103.98999786376953,18.48643343451737,-11.165318413989379,100.0,410.356645888,97.92406,14.400291,6225.0,,0.671,290.0,276.79,6.909999999999999,10.0,0.0,4.46873449613997,-125.44865,6.709559,0.334,1.0
ABBV,441,2024-11-27,175.48287963867188,-3.757923823128251,14.550574821185203,4.196298126177012,0,51.71940575604583,-2.659680288486692,3.6246828188365443,0.5081276182736655,0.7040754058739702,0.8627139416065903,0.5327086147589039,-9.141431677993916,-5.994590566326297,14.100000381469727,10.068321268800373,98.44530304286543,4.302000045776367,4.182000160217285,0.11999988555908203,105.73999786376953,9.807886048012126,-11.260460424713825,75.0,410.356645888,97.92406,14.400291,6225.0,,0.671,290.0,276.79,6.909999999999999,10.0,0.0,4.46873449613997,-125.44865,6.709559,0.334,1.0
ABBV,462,2024-12-30,168.88836669921875,5.354252354568945,17.551047733936322,9.438513776500535,0,47.38710880852248,-2.8572687499507565,-0.44227309834193385,0.4991962731882711,0.49103433412551817,0.749303158211664,0.1919651431716649,-3.6790022959661606,-9.825822544481277,15.949999809265137,6.473692285635568,86.91984827497792,4.61899995803833,4.229000091552734,0.3899998664855957,108.48999786376953,6.117794955745159,-5.240695228020842,25.0,410.356645888,97.92406,14.400291,6225.0,,0.671,290.0,276.79,6.909999999999999,10.0,0.0,4.46873449613997,-125.44865,6.709559,0.334,1.0
ABBV,483,2025-01-31,177.9310760498047,12.974445949284675,8.92015884549473,9.152379522285226,0,64.40217721768283,5.387508792474112,4.485294697728836,1.123708547018849,0.6473047583155986,0.9278282823227804,0.268554713267028,4.46495320802498,-7.873845795287782,15.84000015258789,7.292710885080145,93.85887765046925,4.51200008392334,4.230000019073486,0.2820000648498535,108.37000274658203,11.330121018015982,-2.967240175731778,100.0,410.356645888,97.92406,14.400291,6225.0,,0.671,290.0,276.79,6.909999999999999,10.0,0.0,4.46873449613997,-125.44865,6.709559,0.334,1.0
ABBV,504,2025-03-04,201.0166473388672,-1.2370133598991417,-9.03904385566927,3.8047106584897517,0,72.42467695775792,12.526716092880616,15.362845213333118,0.835524582788551,0.9387509802190498,0.6804809446679974,0.1518276144978796,9.266853248309648,14.644509892635327,22.780000686645508,0.9127522342645467,68.90187741771673,4.179999828338623,3.9200000762939453,0.25999975204467773,105.73999786376953,12.549487969833418,-7.409100115098354,75.0,410.356645888,97.92406,14.400291,6225.0,,0.671,290.0,276.79,6.909999999999999,10.0,0.0,4.46873449613997,-125.44865,6.709559,0.334,1.0
ABBV,525,2025-04-02,198.53004455566406,-2.3811176274598167,-6.901285963692649,17.358669081571442,0,49.1453410364304,3.0047426152441292,10.63760208159934,0.25166086571231067,0.8259894756435845,-1.3183755220012658,0.20948050233596394,-3.001801467057996,16.55879498581454,21.770000457763672,-1.5878535721158715,59.79508217125276,4.156000137329102,3.8399999141693115,0.31600022315979004,103.80999755859375,18.29526207512593,-1.4237280176272127,50.0,410.356645888,97.92406,14.400291,6225.0,,0.671,290.0,276.79,6.909999999999999,10.0,0.0,4.46873449613997,-125.44865,6.709559,0.334,1.0
ABBV,546,2025-05-02,193.8028106689453,-5.653244244713096,0.21320266078559413,11.608132580419861,0,61.380646072056145,1.0125072575201366,6.857433396381783,0.9735699333739707,0.7518672669738384,3.141866908227207,0.47093235780309894,-0.6624789883498572,5.345619643011035,24.600000381469727,-1.0326929554518527,60.60892846181595,4.230999946594238,3.7909998893737793,0.440000057220459,100.0,17.757241790713785,-17.466128129985847,50.0,410.356645888,97.92406,14.400291,6225.0,,0.671,290.0,276.79,6.909999999999999,10.0,0.0,4.46873449613997,-125.44865,6.709559,0.334,1.0
ABBV,567,2025-06-03,182.84666442871094,1.0841072953196695,14.120074214896562,21.729963492566462,0,52.09418782498967,0.14745471688738573,0.4320724051551833,0.7000194073953457,0.5436700830434353,0.5004936130959956,0.3327121775733452,-4.498387842715424,-10.664418088268013,18.360000610351562,3.109486192170663,85.03678359440758,4.461999893188477,3.9019999504089355,0.559999942779541,98.69999694824219,18.096293889652635,-8.062809207579114,100.0,410.356645888,97.92406,14.400291,6225.0,,0.671,290.0,276.79,6.909999999999999,10.0,0.0,4.46873449613997,-125.44865,6.709559,0.334,1.0
ABBV,588,2025-07-03,184.82891845703125,5.078796672783548,26.05831379776418,23.07584412976924,0,54.04839244900197,1.146232471457177,1.6791402491068659,0.6209987936271957,0.5511420865917197,0.29573770124276055,0.1968192266020237,1.0355415917807864,-5.262227583740797,16.639999389648438,7.472119641027786,100.0,4.293000221252441,3.8499999046325684,0.44300031661987305,96.77999877929688,13.921714447956624,-2.2403733592666453,100.0,410.356645888,97.92406,14.400291,6225.0,,0.671,290.0,276.79,6.909999999999999,10.0,0.0,4.46873449613997,-125.44865,6.709559,0.334,1.0
ABBV,609,2025-08-04,194.21600341796875,7.439523763880662,11.370687311736049,16.190221037794995,0,63.04228565727993,5.247828208327092,6.7022896379083665,1.123462076064209,0.7006506383534905,0.5742501518188405,0.23755361031917596,6.002844755927561,1.4398676131839538,20.3799991607666,7.227584608812543,95.74768456823027,4.21999979019165,3.700000047683716,0.5199997425079346,98.69000244140625,11.629943323452952,-1.0650939916447055,100.0,410.356645888,97.92406,14.400291,6225.0,,0.671,290.0,276.79,6.909999999999999,10.0,0.0,4.46873449613997,-125.44865,6.709559,0.334,1.0
MRK,252,2024-02-29,119.28718566894531,3.673529169099754,-1.4393154936838126,-6.478793697046603,0,61.134978010500895,5.959572355701985,16.252010657844156,0.4932043694498089,0.9233085605990144,-0.3896508330278823,0.18237180559684413,5.274062038211791,26.639661907827804,13.84000015258789,12.683430743950218,100.0,4.27400016784668,4.4629998207092285,-0.18899965286254883,103.86000061035156,6.0917159296207,2.824029943586548,100.0,306.131566592,17.008242,12.678409,36.882,95.959,1.536,275.0,45.049998,28.077999999999996,5.0,-19.3,3.8828892519412044,5.8246307,4.7089195,0.296,1.0
MRK,273,2024-04-01,123.66923522949219,-1.3512446409757572,-1.7748276419849107,-12.204231894064577,0,71.87380468519464,5.454511142338034,18.807077952990024,0.998099541371852,0.9710123744304716,0.9360729903224783,0.21801178138730729,3.828682399249894,20.914417494963388,13.010000228881836,13.432258221064664,99.12090551438266,4.205999851226807,4.635000228881836,-0.4290003776550293,104.81999969482422,13.657699603651796,8.066605867123112,100.0,306.131566592,17.008242,12.678409,36.882,95.959,1.536,275.0,45.049998,28.077999999999996,5.0,-19.3,3.8828892519412044,5.8246307,4.7089195,0.296,1.0
MRK,294,2024-04-30,121.99816131591797,-3.6294764974522775,-11.927881373384253,-18.705531137998253,0,58.784625807719756,2.44789871253197,15.159443481309568,0.7464261108685027,0.9175657763739932,0.29714978553881977,0.14781414780028418,-0.8668985232025306,7.666568968801379,14.670000076293945,7.2424716671750655,81.67340248055017,4.613999843597412,4.888999938964844,-0.27500009536743164,105.76000213623047,13.177589706350101,-1.355488072779909,100.0,306.131566592,17.008242,12.678409,36.882,95.959,1.536,275.0,45.049998,28.077999999999996,5.0,-19.3,3.8828892519412044,5.8246307,4.7089195,0.296,1.0
MRK,315,2024-05-30,117.57026672363281,3.3206122969441587,-5.113071432696714,-16.139912797847135,0,33.68006141189501,-2.838767075764325,8.471783922183702,-0.08253420349964619,0.7759467249436816,-0.7176043202088633,0.17065015489552385,-3.3152162728797174,-1.291813921300533,14.279999732971191,9.766607457964804,92.86317954607574,4.624000072479248,4.892000198364258,-0.26800012588500977,104.66999816894531,11.947738963846376,-3.644226145341223,100.0,306.131566592,17.008242,12.678409,36.882,95.959,1.536,275.0,45.049998,28.077999999999996,5.0,-19.3,3.8828892519412044,5.8246307,4.7089195,0.296,1.0
MRK,336,2024-07-01,121.47431945800781,-11.548082067182763,-10.61785283925606,-21.95400016153869,0,47.4714511668129,-0.5699764366208603,9.748096935319023,0.3245799891997711,0.8542404249588342,-0.3287685447708357,0.2590667249732529,2.4893668585862283,-1.2925612339996784,12.4399995803833,12.398862913020391,99.12825487341995,4.3429999351501465,4.702000141143799,-0.35900020599365234,105.72000122070312,9.671460527714903,4.2522315315151715,100.0,306.131566592,17.008242,12.678409,36.882,95.959,1.536,275.0,45.049998,28.077999999999996,5.0,-19.3,3.8828892519412044,5.8246307,4.7089195,0.296,1.0
MRK,357,2024-07-31,107.44636535644531,3.8274441693335604,-7.695567984855723,-11.360847420438947,0,27.5538275476692,-11.123038945496711,-4.837595011462855,-0.2608074620512011,0.42877436511176087,-1.0516868422570955,0.40486993154012246,-11.423427503109384,-11.640681898147943,17.690000534057617,10.507989888980163,90.65056275070478,4.14300012588501,4.081999778747559,0.06100034713745117,104.41999816894531,12.059049763091622,-2.8747504327868323,75.0,306.131566592,17.008242,12.678409,36.882,95.959,1.536,275.0,45.049998,28.077999999999996,5.0,-19.3,3.8828892519412044,5.8246307,4.7089195,0.296,1.0
MRK,378,2024-08-29,111.5588150024414,-2.673441826992684,-11.621033088165644,-20.03647595097795,0,50.33259564344739,-3.3430899263269303,-2.358843756469119,0.8866571141116381,0.5535044386872482,0.7941110483797957,0.14722163103085828,3.1980283864083248,-5.876465345855896,17.110000610351562,9.180699198870702,95.1452591198884,3.8410000801086426,3.9240000247955322,-0.08299994468688965,101.69999694824219,12.056702265247022,-5.477300590836165,75.0,306.131566592,17.008242,12.678409,36.882,95.959,1.536,275.0,45.049998,28.077999999999996,5.0,-19.3,3.8828892519412044,5.8246307,4.7089195,0.296,1.0
MRK,399,2024-09-30,108.57635498046875,-8.656210386668272,-12.68278697970392,-22.46622941512102,0,40.91967520899795,-2.103371993787596,-6.250760725839542,0.1927077325878185,0.4630468063758635,-0.27145529902104915,0.1846912007444193,-3.4868924909119636,-10.491887310744541,16.959999084472656,10.094059821509704,100.0,3.749000072479248,3.5460000038146973,0.20300006866455078,101.19000244140625,16.701310434520323,-9.68753840699903,100.0,306.131566592,17.008242,12.678409,36.882,95.959,1.536,275.0,45.049998,28.077999999999996,5.0,-19.3,3.8828892519412044,5.8246307,4.7089195,0.296,1.0
MRK,420,2024-10-29,99.1777572631836,-0.5880643816069786,-3.970859638659463,-18.47086029253443,0,26.782546837184455,-7.9974082888216484,-14.322558292355922,0.04370904734641519,0.17798853558956187,-0.37883162285933025,0.16979058645931816,-9.59559841902159,-8.255129734729183,19.799999237060547,9.142046605485387,98.12998803346488,4.2779998779296875,4.14900016784668,0.1289997100830078,103.98999786376953,18.48643343451737,-11.165318413989379,100.0,306.131566592,17.008242,12.678409,36.882,95.959,1.536,275.0,45.049998,28.077999999999996,5.0,-19.3,3.8828892519412044,5.8246307,4.7089195,0.296,1.0
MRK,441,2024-11-27,98.59452819824219,-3.8426889397509045,-9.521997322289854,-23.943722896155084,0,54.29609723172901,-2.8258840743892044,-13.325234730135463,0.8527574094539164,0.1904026940119409,0.8307637353686794,0.22256063695525918,-1.631212977969032,-12.359700217266589,14.100000381469727,10.068321268800373,98.44530304286543,4.302000045776367,4.182000160217285,0.11999988555908203,105.73999786376953,9.807886048012126,-11.260460424713825,75.0,306.131566592,17.008242,12.678409,36.882,95.959,1.536,275.0,45.049998,28.077999999999996,5.0,-19.3,3.8828892519412044,5.8246307,4.7089195,0.296,1.0
MRK,462,2024-12-30,94.80584716796875,0.45746182801893465,-11.204483167761003,-16.187393734239187,0,43.34426645392273,-2.2472248161674515,-14.971848192599463,0.17429077286831365,0.07961203300941026,-0.01887711249571189,0.20308740774491923,-2.4425109246259846,-13.580765323682542,15.949999809265137,6.473692285635568,86.91984827497792,4.61899995803833,4.229000091552734,0.3899998664855957,108.48999786376953,6.117794955745159,-5.240695228020842,25.0,306.131566592,17.008242,12.678409,36.882,95.959,1.536,275.0,45.049998,28.077999999999996,5.0,-19.3,3.8828892519412044,5.8246307,4.7089195,0.296,1.0
MRK,483,2025-01-31,95.23954772949219,-6.334750647227905,-15.09958393807761,-17.672121608191716,0,50.37814103090251,-0.4927924173748981,-12.583084402136416,0.5252632792822036,0.09229453953461185,0.12096381634783315,0.1997622049070873,-0.6634485622257213,-4.978511912550532,15.84000015258789,7.292710885080145,93.85887765046925,4.51200008392334,4.230000019073486,0.2820000648498535,108.37000274658203,11.330121018015982,-2.967240175731778,100.0,306.131566592,17.008242,12.678409,36.882,95.959,1.536,275.0,45.049998,28.077999999999996,5.0,-19.3,3.8828892519412044,5.8246307,4.7089195,0.296,1.0
MRK,504,2025-03-04,89.20635986328125,-5.630784498996622,-15.939482688666951,-7.3494482254198745,0,53.45075352939325,-2.227551818823237,-15.231368413587571,0.8343489414837798,0.1988857708188874,1.0290493570835029,0.42028543614880215,-7.245205965204827,-8.204517571609582,22.780000686645508,0.9127522342645467,68.90187741771673,4.179999828338623,3.9200000762939453,0.25999975204467773,105.73999786376953,12.549487969833418,-7.409100115098354,75.0,306.131566592,17.008242,12.678409,36.882,95.959,1.536,275.0,45.049998,28.077999999999996,5.0,-19.3,3.8828892519412044,5.8246307,4.7089195,0.296,1.0
MRK,525,2025-04-02,84.18334197998047,-3.949201378746703,-5.611669084479098,5.4263704292854875,0,36.300404271971324,-4.894138616702098,-17.277583314871265,0.061570166445902956,0.09034511660449761,-0.6636364653367943,0.2518204491121398,-6.2687525924778225,-12.195268875594223,21.770000457763672,-1.5878535721158715,59.79508217125276,4.156000137329102,3.8399999141693115,0.31600022315979004,103.80999755859375,18.29526207512593,-1.4237280176272127,50.0,306.131566592,17.008242,12.678409,36.882,95.959,1.536,275.0,45.049998,28.077999999999996,5.0,-19.3,3.8828892519412044,5.8246307,4.7089195,0.296,1.0
MRK,546,2025-05-02,80.85877227783203,-7.26135771883113,-3.030064856499437,5.432417078139085,0,49.736007894757904,-4.3497930891835,-16.831537936875716,0.761720111393386,0.12573608321786067,0.9408893229030113,0.40969387618407427,-3.715708845049581,-15.924842353937919,24.600000381469727,-1.0326929554518527,60.60892846181595,4.230999946594238,3.7909998893737793,0.440000057220459,100.0,17.757241790713785,-17.466128129985847,50.0,306.131566592,17.008242,12.678409,36.882,95.959,1.536,275.0,45.049998,28.077999999999996,5.0,-19.3,3.8828892519412044,5.8246307,4.7089195,0.296,1.0
MRK,567,2025-06-03,74.9873275756836,5.9635727431565755,10.218869378869467,33.58765554767504,0,45.86908697712539,-4.2673860605054434,-19.60402258577078,0.513440762661401,0.06503032196900953,0.2238529676038692,0.3981557212036969,-6.880729512079586,-16.507760465285582,18.360000610351562,3.109486192170663,85.03678359440758,4.461999893188477,3.9019999504089355,0.559999942779541,98.69999694824219,18.096293889652635,-8.062809207579114,100.0,306.131566592,17.008242,12.678409,36.882,95.959,1.536,275.0,45.049998,28.077999999999996,5.0,-19.3,3.8828892519412044,5.8246307,4.7089195,0.296,1.0
MRK,588,2025-07-03,79.4592514038086,-1.32212719048308,11.694284035643987,33.96803401440036,0,55.64539176479516,2.827753521465584,-11.62542630402537,0.7128466876111271,0.15741889510760082,0.21204506777098708,0.24641587962436678,4.433767090128704,-5.382217889348373,16.639999389648438,7.472119641027786,100.0,4.293000221252441,3.8499999046325684,0.44300031661987305,96.77999877929688,13.921714447956624,-2.2403733592666453,100.0,306.131566592,17.008242,12.678409,36.882,95.959,1.536,275.0,45.049998,28.077999999999996,5.0,-19.3,3.8828892519412044,5.8246307,4.7089195,0.296,1.0
MRK,609,2025-08-04,78.40869903564453,5.40945794008767,8.726913060337038,47.73870471340158,0,45.49120734708431,-0.28984019592785876,-9.872016484910374,0.21799713817355246,0.16634963537012398,-0.49575869416385654,0.29978553410308806,-1.2855412959898338,-2.6320701089530996,20.3799991607666,7.227584608812543,95.74768456823027,4.21999979019165,3.700000047683716,0.5199997425079346,98.69000244140625,11.629943323452952,-1.0650939916447055,100.0,306.131566592,17.008242,12.678409,36.882,95.959,1.536,275.0,45.049998,28.077999999999996,5.0,-19.3,3.8828892519412044,5.8246307,4.7089195,0.296,1.0
